nodes,names,betweenness_centrality,closeness_centrality,eigenvector_centrality,degree_centrality,load_centrality
合一天使基金,0.00212055347174,0.284305907616,0.00470122310641,0.00930713547053,0.00214914845713
集结号资本,0.00853237682401,0.319265004405,0.0190891837641,0.0217166494312,0.00888548441835
春晓资本,0.0,0.263532715345,0.00172272095594,0.00103412616339,0.0
亚豪资本,0.0,0.255412003524,0.00130392421264,0.00206825232678,0.0
经纬中国,0.105892950412,0.443195635934,0.228693575455,0.148914167528,0.101298849536
贵格天使,3.87097313154e-05,0.278879169166,0.00461891900833,0.00413650465357,4.84980548483e-05
同威创投,0.000396002809589,0.282628036686,0.00332394826463,0.00413650465357,0.000589487834962
微软Microsoft,0.0,0.26369394674,0.00188651613751,0.00103412616339,0.0
元禾控股,0.00113852463716,0.322852251645,0.0145227808909,0.0103412616339,0.00135550195782
VY Capital,7.82063614513e-05,0.31950167231,0.0246702525029,0.00723888314374,9.14540801131e-05
晨晖资本,1.68398985556e-06,0.285058039647,0.00502968641158,0.00206825232678,1.70411508918e-06
华旦天使投资,0.000614214404847,0.324921037276,0.0155341635782,0.00620475698035,0.000667642894088
启明创投,0.025067481074,0.393614388992,0.153103246108,0.0754912099276,0.0243247942741
TA Associates,2.32201748706e-06,0.278518743746,0.00521867447752,0.00310237849018,3.99216233711e-06
泽清资本,0.0,0.00137883488452,6.30762163395e-17,0.00103412616339,0.0
太平洋保险,0.00539183956067,0.321767641617,0.0227231622316,0.0144777662875,0.00516144416364
ONES Ventures,0.0,0.238653242495,0.000433273563597,0.00103412616339,0.0
Infinity Venture Partners,0.00278980725516,0.338709434928,0.0380032063615,0.0144777662875,0.00293611058735
浅石创投,0.000312645574985,0.310636220502,0.00988379373962,0.00517063081696,0.000431744176067
华人文化产业基金,0.000831867935841,0.354884936967,0.0554545211908,0.0186142709411,0.000884442272437
东方园林,0.0,0.298792205162,0.00746162561155,0.00103412616339,0.0
传媒梦工场,0.00096157993636,0.342341347058,0.0269342372447,0.0103412616339,0.000996602254553
IDG资本,0.115699396321,0.449669020288,0.237785404675,0.166494312306,0.110666930178
维度资本(维度创业工场),0.0,0.198118940908,2.2205653664e-05,0.00103412616339,0.0
莉莉丝/刀塔传奇,0.0,0.223146650762,0.0002461592785,0.00103412616339,0.0
达内科技,0.00195263573709,0.292704757858,0.00536092899169,0.00206825232678,0.00195263573709
联创策源,0.0144101875613,0.397242171379,0.118969224563,0.0568769389866,0.0138367973672
银泰资本Ventech,0.00308029483195,0.358128588239,0.0610901624697,0.0217166494312,0.00308659883766
明势资本,0.00871448857501,0.365725715695,0.0599111113351,0.0299896587384,0.00869911170138
新电投资SingTel Innov8,0.00195263573709,0.215073730512,0.000101171169322,0.00206825232678,0.00195263573709
中文在线,0.00390098937826,0.299935807896,0.00777549204379,0.00723888314374,0.00390098937826
观天资本(西科天使基金),0.0,0.233292425411,0.000330661720913,0.00103412616339,0.0
紫辉创投,0.00558130233565,0.343569355079,0.03407168451,0.0227507755946,0.00565722660922
中信产业基金,0.00297680887995,0.366036310782,0.0652710202135,0.0258531540848,0.00304808157769
众晖资本,0.0,0.26837344704,0.00299816050194,0.00206825232678,0.0
极客帮创投,0.0241886805488,0.373652150799,0.071175318468,0.0537745604964,0.0240752091461
探针创投,2.00017762651e-05,0.279150101001,0.0027800533479,0.00206825232678,2.28250351896e-05
UCWEB优视科技,1.28341669749e-05,0.288106788734,0.005314007725,0.00310237849018,1.22181391589e-05
Integral富厚投资,0.00196663539182,0.283278183336,0.00651432172849,0.00413650465357,0.00196984295713
旦恩创投,3.54299864316e-05,0.290632337118,0.00540836248961,0.00413650465357,3.59083295638e-05
Forgame,0.00014038524579,0.292903673766,0.00689355204565,0.00413650465357,0.000248495721003
博思投资,0.0,0.279240528634,0.00459628528664,0.00206825232678,0.0
力鼎资本,0.0021155617343,0.296225261819,0.00658026333327,0.00517063081696,0.00213827081876
顺为基金,0.0226765849496,0.39651127502,0.148727988815,0.0661840744571,0.0221091741185
东方汇富,0.000796547153829,0.306767086083,0.00761825779551,0.00310237849018,0.000974528169325
太浩创投,8.48387634231e-05,0.286574305815,0.00584401437551,0.00413650465357,0.000108212546736
源码资本,0.00642610279487,0.373652150799,0.0878871703221,0.0341261633919,0.0062887830479
上海致景投资,0.000313120358565,0.322248789493,0.0149547637467,0.00827300930714,0.000337554661585
九宇资本,0.00195263573709,0.195645826576,4.98187027658e-05,0.00310237849018,0.00195263573709
江南资本,0.0,0.298792205162,0.00639584431732,0.00103412616339,0.0
世纪长河集团,0.0,0.218563770764,0.000148084198951,0.00103412616339,0.0
携程,0.00257200398432,0.329642643171,0.0415340341443,0.0165460186143,0.00254998441437
e.ventures,0.00040600383138,0.306548901811,0.00874205473025,0.00620475698035,0.000397066349082
青锐创投,0.00584506092352,0.23247451777,0.000203321729828,0.00413650465357,0.00584506092352
鼎峰资本,0.0,0.272014992708,0.00353806103783,0.00206825232678,0.0
雄牛资本,1.38262548422e-05,0.338443467567,0.0289340678442,0.00620475698035,1.39728353731e-05
凯辉私募股权投资基金,4.91696199898e-05,0.31108463078,0.0137045463921,0.00413650465357,6.33433996459e-05
星瀚资本,8.11542007119e-05,0.289753113241,0.00647326472711,0.00517063081696,9.19437509719e-05
达鑫电子,0.0,0.00103412616339,1.97113176061e-18,0.00103412616339,0.0
麦腾创投,0.0,0.301404025137,0.00785825160312,0.00310237849018,0.0
美国中经合集团,0.0031599371019,0.3528512124,0.0445360255529,0.0196483971044,0.00320118284826
新沃资本,0.000353925771263,0.28033024777,0.00398094063824,0.00723888314374,0.000425203199868
东湖天使基金,0.00395712248245,0.278698839926,0.00313196337359,0.00517063081696,0.00396742821708
IFC国际金融公司,0.0,0.301931878071,0.0132263173515,0.00413650465357,0.0
西京投资,0.0,0.251977641594,0.00107283721806,0.00103412616339,0.0
辰海资本,0.00226351735529,0.331671993802,0.0213895231939,0.0124095139607,0.00228331400641
爱施德,0.000402333983777,0.292605401185,0.00696561214929,0.00827300930714,0.000621564959419
英诺天使基金,0.0170898465552,0.366503193832,0.0528875360644,0.0455015511892,0.0169110376569
秉诚资本,0.0,0.00103412616339,1.97113176061e-18,0.00103412616339,0.0
风云天使基金,8.98412325752e-05,0.261216821786,0.00201197621614,0.00206825232678,0.00013309881774
诚承投资,0.00244830484677,0.307204387702,0.00822132229587,0.00620475698035,0.00262921521604
启赋资本,0.00248669351619,0.332696067886,0.022849827565,0.0165460186143,0.00273679153905
起点创业营,0.000219576208708,0.280695379971,0.00303224861023,0.00413650465357,0.0002902870163
万融资本,0.0,0.23335557983,0.000341416357695,0.00206825232678,0.0
互动娱乐,5.81263421206e-05,0.286383890994,0.00514831576566,0.00206825232678,0.000115782939016
熙金资本Zhong Capital,0.000402237719723,0.316684611276,0.0166763715571,0.00827300930714,0.000536168992146
英飞尼迪Infinity,2.96158897363e-05,0.30874481085,0.0101117310556,0.00310237849018,3.61989727184e-05
大米创投基金,0.0,0.278518743746,0.00273950108461,0.00206825232678,0.0
上汽投资(尚颀资本),0.0,0.00103412616339,1.97113176061e-18,0.00103412616339,0.0
雷柏科技,0.0,0.27673050141,0.00446568781272,0.00206825232678,0.0
沙丘资本,0.000169031811277,0.271244654466,0.00296817424737,0.00206825232678,0.000226345087013
上海交大产业投资管理集团,0.0,0.232036476956,0.000432967283991,0.00103412616339,0.0
银来集团,0.0,0.22720493197,0.000251710133367,0.00310237849018,0.0
联想之星,0.0118910080986,0.365415647263,0.0547138305482,0.0351602895553,0.0120374842485
紫光集团有限公司,0.0,0.186664251168,1.0001090649e-05,0.00103412616339,0.0
天泽投资,0.0,0.27435248628,0.00320642488282,0.00310237849018,0.0
易凯资本,0.0,0.192371236754,1.82532270293e-05,0.00103412616339,0.0
浙江九仁资本,0.0,0.301720515188,0.00720015067791,0.00103412616339,0.0
金浦投资,0.0,0.198301244972,3.06205369538e-05,0.00206825232678,0.0
恒泰资本CHT Capital,0.0,0.22366775088,0.00016581545173,0.00103412616339,0.0
Investec英国天达集团,0.0,0.309632008582,0.0133586331397,0.00517063081696,0.0
FreesFund峰瑞资本,0.000456528111752,0.32926490141,0.0212403258985,0.00930713547053,0.000496468563472
毅达资本,0.0059640698898,0.331035142816,0.0209643710173,0.0103412616339,0.00597350572436
天珑移动,0.0,0.30753318298,0.00943111627396,0.00206825232678,0.0
青宥仟和投资,0.0,0.317384209091,0.0146617762895,0.00206825232678,0.0
士兰创投(士兰控股),0.000435789252502,0.30633102768,0.00889957025804,0.00517063081696,0.000507815502584
中金前海基金,0.0,0.00103412616339,1.97113176061e-18,0.00103412616339,0.0
KKR,0.0,0.282350315065,0.00560130648377,0.00206825232678,0.0
逐鹿资本,2.1472436283e-05,0.278879169166,0.00357788399613,0.00413650465357,2.64563071343e-05
久其软件,0.0,0.204900288066,5.56623133894e-05,0.00310237849018,0.0
掌趣科技,0.000231971870072,0.276908291646,0.00390764739289,0.00517063081696,0.000319832007549
优客工场,0.0,0.196672487313,2.566003042e-05,0.00103412616339,0.0
新东方,0.00529175388026,0.327389104403,0.0228317800467,0.0165460186143,0.00549419135483
华兴资本,0.00267805354265,0.35459297075,0.0453884049988,0.0155118924509,0.00265102682356
阅文集团,0.0,0.19075359856,1.51335434784e-05,0.00103412616339,0.0
快创营,2.66883486105e-05,0.304814537444,0.00913433420863,0.00413650465357,3.39006436366e-05
盈峰资本,0.0,0.25847541586,0.00162292044312,0.00206825232678,0.0
中骏基金,0.0,0.264828114253,0.0021649784737,0.00103412616339,0.0
常州高新投,0.0,0.260663898365,0.00193307535607,0.00103412616339,0.0
天奇阿米巴基金,0.00195263573709,0.270309034773,0.00182528296085,0.00310237849018,0.00195263573709
安大略省教师退休基金Ontario Teachers,0.0,0.254582253955,0.0013919092599,0.00103412616339,0.0
雅诗阁Ascott,0.0,0.245308910613,0.0015554162978,0.00206825232678,0.0
国灏创投,0.0,0.186664251168,6.8302903413e-06,0.00310237849018,0.0
 青山资本,8.77227410154e-05,0.310748201836,0.0100524727773,0.00413650465357,0.000104061913613
天使投资人何华峰,0.0,0.244960361436,0.000857059141654,0.00103412616339,0.0
风和投资,0.0010430654514,0.310077522263,0.0130332204471,0.0124095139607,0.00118947518359
湾海投资,0.0058461314475,0.22401650517,0.000166332383711,0.00413650465357,0.0058461314475
金山软件,0.000116259673306,0.326027046858,0.0291518145015,0.00827300930714,0.000110532241588
约印创投,0.0,0.19825563751,2.9656272856e-05,0.00103412616339,0.0
重山资本,8.39652505544e-05,0.278969421324,0.00434703853492,0.00620475698035,0.000161880076279
宝宝树,0.0,0.229687053528,0.00030033270187,0.00103412616339,0.0
东方华盖创投,0.000480371861889,0.287530190758,0.00485119924204,0.00517063081696,0.000573090277048
隆领投资,0.00956389147195,0.359772751207,0.0494813311201,0.0320579110651,0.0094385990162
SOS Ventures,0.00197731099762,0.28571942721,0.00474773229982,0.00517063081696,0.00201989206057
海邦投资,0.0,0.198164485493,2.29281535111e-05,0.00206825232678,0.0
麟玺创投,0.0,0.26720877616,0.00287421740853,0.00103412616339,0.0
500 Startups,0.00034582948581,0.302249478223,0.00822170974399,0.00930713547053,0.000383093486043
信中利资本,0.00808793565148,0.3528512124,0.0381429644652,0.0258531540848,0.0081813856167
张江火炬创投,0.0,0.270648512368,0.00266109340708,0.00206825232678,0.0
崇德投资,0.00698973933233,0.332824521966,0.0290290897512,0.0124095139607,0.00655528752872
天使投资人左磊,0.0,0.00206825232678,4.03687784573e-15,0.00206825232678,0.0
挚信资本,0.00518755562195,0.376425987726,0.102082885049,0.0444674250259,0.00514245019605
华为,4.8470195143e-06,0.263452173561,0.00228629523288,0.00206825232678,6.18129762396e-06
集富亚洲JAFCO,0.00248079457198,0.336461948436,0.0381890518319,0.0217166494312,0.00248354460528
暴龙投资,0.00093381853365,0.277621742961,0.00326033764618,0.00517063081696,0.00107612808949
纪源资本GGV,0.0149485623209,0.3943346349,0.14138848256,0.0651499482937,0.0144875541072
麒麟资本Kylin Capital,0.0,0.265153956288,0.00262702156084,0.00206825232678,0.0
玖富集团,0.00177605066977,0.308303115841,0.0102193688039,0.00930713547053,0.00194857733541
瓦肯资本Vulcan Capital,0.0,0.297246728239,0.00953939375342,0.00517063081696,0.0
集素资本,0.00779555561265,0.250658770542,0.000705152477814,0.00620475698035,0.00779555561265
Korea Investment Partners韩投伙伴,0.0,0.254431969272,0.00149836733544,0.00103412616339,0.0
华软投资CSIC,0.00221848305562,0.314145594713,0.0129931850153,0.00620475698035,0.00225607110636
AngelVest天使谷,0.0040277099496,0.309966023694,0.01532875048,0.00930713547053,0.00407308663132
易方达基金,0.00018754597586,0.258011227744,0.00126272830071,0.00310237849018,0.00027163812378
伟高达创投Vickers Capital,0.000468940080657,0.295008730969,0.00953965191601,0.00723888314374,0.000579530782259
KTB投资集团,0.000104099454231,0.340314059176,0.0367139594159,0.0124095139607,0.000105141208522
JJ比赛(竞技创投),0.00040672807728,0.327264810893,0.017075978902,0.00827300930714,0.000426344210103
同创伟业,0.0143579126358,0.355616960352,0.0471973583733,0.0372285418821,0.014614383584
银瑞达Investor AB,0.000126000127814,0.314031151873,0.0108264951412,0.00620475698035,0.000165794201809
通用技术创投,0.0,0.292208648099,0.00827254521976,0.00206825232678,0.0
中汇国投,0.00195263573709,0.289461219574,0.00886917181662,0.00620475698035,0.00195263573709
创吧投资,0.000260690693997,0.26778984526,0.00196223998373,0.00517063081696,0.000361425881315
蓝湖资本,0.000264186601761,0.341662906022,0.0451600704922,0.0113753877973,0.00027352011655
人人公司,0.0067365916869,0.355323788909,0.0444328693968,0.0144777662875,0.0066876282691
京西创投(首钢基金),0.0,0.00103412616339,1.97113176061e-18,0.00103412616339,0.0
奥飞动漫,0.000270211506605,0.319146801885,0.0192512229985,0.00723888314374,0.000287409262593
Cybernaut赛伯乐投资,5.81261451367e-05,0.263774636442,0.0016327018449,0.00310237849018,8.05956470882e-05
创东方投资,0.0129696628832,0.309743266939,0.0105007041162,0.0175801447777,0.0132305886184
光大体育文化产业股权投资基金,0.0,0.216423678607,0.000189148074341,0.00103412616339,0.0
泰有投资,0.00590419473855,0.308303115841,0.0100700105202,0.00827300930714,0.00591345693901
鼎聚投资,0.000706701651503,0.295109726769,0.00751546426714,0.0103412616339,0.000856264319473
浙报传媒(东方星空),0.00143445467198,0.319620137891,0.0125181117039,0.00620475698035,0.00159902593728
盛万投资,9.42069752766e-05,0.285435599964,0.00546106279176,0.00310237849018,0.000174212091236
时尚传媒,0.000463609433053,0.325166168198,0.0164642586326,0.00930713547053,0.000514220315843
中广文影,2.56088847182e-06,0.310077522263,0.0175683548304,0.00413650465357,2.39135854474e-06
清科创投,0.012720450871,0.385861912217,0.0892536620551,0.0496380558428,0.0123773921408
约瑟投资,0.0,0.252642295396,0.00101451966637,0.00206825232678,0.0
凯兴资本,7.73626036186e-05,0.28849247386,0.0073277729611,0.00517063081696,0.000102553719546
云启创投,0.00289346669288,0.341933959497,0.0396735505455,0.0155118924509,0.00269185508365
青松基金,0.00641983847883,0.332055281931,0.0203682601878,0.0206825232678,0.00679714790862
易一天使,0.00568397526813,0.305462619381,0.00844560630058,0.0124095139607,0.00621494081573
太火鸟,1.10585893886e-05,0.270393824308,0.0036377409801,0.00413650465357,1.10518913403e-05
Tenaya Capital,1.07052397867e-06,0.271159330573,0.00217363117585,0.00310237849018,1.07052397867e-06
天天投,0.000224989516975,0.294907804274,0.00773365619093,0.00620475698035,0.000295860318888
聚美优品,0.0,0.240719215831,0.000557797810088,0.00206825232678,0.0
软银中国,0.0181881612121,0.37774562309,0.0875237371139,0.0558428128232,0.0178826014506
粤科金融集团,0.0,0.00103412616339,1.97113176061e-18,0.00103412616339,0.0
中关村兴业投资,9.25178290389e-05,0.305679259536,0.0134650908752,0.00517063081696,0.000105654072636
成为资本,0.0120836083412,0.367440542154,0.0871707229856,0.0423991726991,0.0118512771371
万达集团,0.000580951299927,0.324554033092,0.0311545789203,0.0165460186143,0.00071226610545
禾林资本,0.0,0.236882525939,0.000447172804424,0.00206825232678,0.0
春华资本Primavera,0.000615514618396,0.315640978357,0.0171310213977,0.00620475698035,0.00068680417886
中科创星,0.0,0.238653242495,0.000601060283358,0.00103412616339,0.0
乐游资本,0.000298524525159,0.306767086083,0.00848627785078,0.00413650465357,0.000314109095628
山行资本,0.00209381178982,0.283371305685,0.00418923730359,0.00517063081696,0.00215019639108
漫步者Edifier,0.0,0.228530093291,0.000312509486094,0.00206825232678,0.0
北京马力天使投资中心,0.0,0.246219797741,0.000704159436019,0.00206825232678,0.0
银翎资本Silverlink Capital,6.25066748915e-05,0.266877867459,0.00573326497907,0.00413650465357,0.00014247388321
谆朴投资,0.00195263573709,0.218563770764,0.000156451410046,0.00206825232678,0.00195263573709
厚朴基金,0.000256973652478,0.322008035821,0.0275773035617,0.00930713547053,0.000319117101061
长江国弘投资,0.000199285605424,0.276375604967,0.00389567512879,0.00310237849018,0.00031069992908
MFund魔量基金,0.000774708072738,0.323579396356,0.018990524842,0.00827300930714,0.000840776147563
国海创新资本/国海证券,0.0,0.236882525939,0.000447172804424,0.00206825232678,0.0
蓝巨投资,0.0,0.253982177929,0.00125609635061,0.00103412616339,0.0
千合资本,0.0069394209884,0.320929081122,0.0164522792891,0.0124095139607,0.00696749807199
华登国际投资,0.00261366323193,0.350555311872,0.0354272008247,0.0155118924509,0.00261898562881
冠军VC,0.0,0.258011227744,0.00119336283353,0.00103412616339,0.0
朱雀投资,0.0,0.239581854334,0.00051804296009,0.00103412616339,0.0
华策影视,0.0,0.00206825232678,4.03687784573e-15,0.00206825232678,0.0
禹杉投资,0.0,0.210196418408,5.74782209685e-05,0.00103412616339,0.0
银江股份(银江资本),0.000126250669031,0.264990935104,0.00189667916729,0.00310237849018,0.000217715442245
涌金集团,3.23949736206e-05,0.314719062392,0.0133403488846,0.00517063081696,3.13240874916e-05
国泰君安,0.00192572327703,0.31598809087,0.0192785000192,0.0103412616339,0.00205930874344
朗玛峰创投,0.00121546784064,0.312324460831,0.0141995962247,0.0103412616339,0.00131211124456
LB投资(LB Investment),0.000225419667716,0.311421788978,0.0157307664984,0.00930713547053,0.000274051819219
无极道投资,0.0,0.181133749084,5.41512601586e-06,0.00206825232678,0.0
中国先锋金融集团,0.0,0.271074060344,0.00293054003807,0.00310237849018,0.0
罗莱家纺,0.0,0.26720877616,0.00287421740853,0.00103412616339,0.0
深圳点石投资,4.49063328099e-05,0.26854065791,0.00221315606887,0.00310237849018,6.39802614317e-05
大众点评网,0.000273965007685,0.337251765216,0.0397176259212,0.0134436401241,0.000281649875159
金沙江创投,0.0158412166067,0.379909877432,0.0891338672416,0.0455015511892,0.0157177085634
凤凰传媒,0.0,0.227745181478,0.0002527926886,0.00206825232678,0.0
帮实资本,0.0039509962155,0.28849247386,0.00492284322136,0.00517063081696,0.00396326187489
三井物产环球投资/三井创投MGI,0.0,0.312550947024,0.0128431808469,0.00310237849018,0.0
SIG海纳亚洲,0.0132133558474,0.390582470273,0.135831754563,0.0599793174767,0.0126404677822
Cisco思科,0.0,0.298792205162,0.00746162561155,0.00103412616339,0.0
宜华木业,0.0,0.26720877616,0.00287421740853,0.00103412616339,0.0
前海人寿保险,0.0,0.00206825232678,4.03687784573e-15,0.00206825232678,0.0
元素资本,0.000125666882159,0.303312987999,0.00941215760439,0.00620475698035,0.000176145503551
Wicklow Capital,0.0,0.280148037664,0.00675438976362,0.00310237849018,0.0
东方元鼎资本,0.00584506092352,0.246219797741,0.000599637606522,0.00620475698035,0.00584506092352
优联资本,0.0,0.256171028794,0.00146950083855,0.00310237849018,0.0
如山创投,0.00292839448016,0.327389104403,0.025038935612,0.0155118924509,0.00300012111422
涌铧投资,0.000421702935884,0.324187857049,0.0203073610242,0.00930713547053,0.000537362873231
珠海互娱在线资本,0.00199813432226,0.246501433198,0.000826259346983,0.00413650465357,0.00197799546692
PartnerAngel伙伴创投戴志康,0.00245067661257,0.335284135314,0.0259554989401,0.0155118924509,0.00258717022595
伯乐纵横投资,0.0,0.258552942979,0.00184376523423,0.00206825232678,0.0
富达Fidelity Investments,0.0,0.267457496709,0.00256674031019,0.00103412616339,0.0
唯品会,0.000683078649852,0.328888024377,0.0228439531706,0.00930713547053,0.00074897504617
天创资本,0.0,0.268708077273,0.00183868376047,0.00103412616339,0.0
创投圈拓璞基金,0.000506436733276,0.30753318298,0.0084789127417,0.00620475698035,0.000602956567987
华澍资本,6.39244391294e-05,0.278518743746,0.00339340199917,0.00310237849018,7.8191315789e-05
Sirius Venture Capital,0.0,0.277711182955,0.00487186620317,0.00413650465357,0.0
尚心资本Shining Capital Management,0.0,0.304706791054,0.00748634712756,0.00103412616339,0.0
顺丰速运,1.23800110751e-05,0.284587491546,0.00444693129493,0.00206825232678,1.51941595655e-05
火柴快鹿投资基金,0.0,0.230300697807,0.000484717603292,0.00103412616339,0.0
岩桥投资,0.0,0.252198803947,0.000938865807636,0.00206825232678,0.0
瑞业投资,0.0,0.273829578111,0.00381099129526,0.00206825232678,0.0
万科集团,0.0,0.246219797741,0.00115928570742,0.00517063081696,0.0
清华x-lab创业DNA基金,0.0,0.248133423112,0.000789646506715,0.00206825232678,0.0
星沅资本(星沅创投),0.0,0.26490949966,0.0022353814995,0.00206825232678,0.0
粤科金融,0.0,0.282628036686,0.00411933471549,0.00206825232678,0.0
飞马基金-飞马旅,0.00149060822881,0.278159248755,0.00354961199957,0.00930713547053,0.00204912252022
华闻传媒,0.0,0.00206825232678,4.03687784573e-15,0.00206825232678,0.0
初心资本,0.00176322117984,0.328386861673,0.0188594948615,0.0134436401241,0.00193410747671
初心资本Initialvc,0.00197109748539,0.268123020806,0.00224453630449,0.00413650465357,0.00197544480101
UMC Capital联电资本,2.85758714268e-05,0.283837837304,0.00611484791461,0.00310237849018,8.50197949172e-05
趣游科技,0.0,0.253982177929,0.00112776726695,0.00103412616339,0.0
APUS,0.0,0.261375231017,0.00155532473107,0.00103412616339,0.0
天使投资人庞升东,0.0,0.00103412616339,1.97113176061e-18,0.00103412616339,0.0
Ribbit Capital,0.0,0.301720515188,0.00720015067791,0.00103412616339,0.0
维思资本,0.0,0.266712720264,0.00273016749241,0.00103412616339,0.0
掌趣创享基金,0.000109929847263,0.300249220443,0.00867882530952,0.00413650465357,0.000166667264999
北京泰腾博越资本,0.0,0.195424056199,2.01532281731e-05,0.00310237849018,0.0
盈信资本,0.000428499433293,0.315640978357,0.0142419570459,0.00723888314374,0.000512413644463
Sequoia Capital(红杉海外),0.000839334886349,0.30753318298,0.0112816922283,0.0103412616339,0.00100140616594
上海融翼资本,0.000499327661964,0.282628036686,0.00308925398983,0.00413650465357,0.000605880853793
丁香园,0.0,0.301720515188,0.00720015067791,0.00103412616339,0.0
海尔投资,0.00141286844409,0.308523805259,0.0136735486299,0.0124095139607,0.00183658183777
CA创投,0.00190803094519,0.35872472405,0.0528246570591,0.0206825232678,0.00189738418341
富德资本,3.58994052157e-05,0.294002562037,0.00846568518201,0.00517063081696,3.86907909665e-05
上海掌门科技,2.33564774372e-05,0.297041871775,0.00742856243802,0.00310237849018,3.60753726867e-05
联想控股,0.00032623214396,0.295615744819,0.00940985779132,0.00723888314374,0.0003951585051
六禾创投,0.00195263573709,0.215342371195,9.87278333498e-05,0.00206825232678,0.00195263573709
创业工场VenturesLab,0.00372107647947,0.343980651194,0.0360687029449,0.023784901758,0.00383716058279
天风证券,4.44449026044e-05,0.311985346324,0.0157974711286,0.00620475698035,5.7254951993e-05
乐动卓越,0.0,0.26778984526,0.00224128314907,0.00103412616339,0.0
RIC棕泉资本,0.0,0.00103412616339,1.97113176061e-18,0.00103412616339,0.0
创业接力,0.000819543068383,0.325043556521,0.0171557571554,0.0124095139607,0.000923379873694
险峰长青(险峰华兴),0.030611309727,0.395419959584,0.109732162577,0.0692864529473,0.0296501153254
中国诚通,0.0,0.00206825232678,4.03687784573e-15,0.00206825232678,0.0
真格基金,0.0707882051861,0.423594846139,0.170091558026,0.117890382627,0.0676601257062
Maverick Capital,2.26023960946e-05,0.271074060344,0.00450551153868,0.00723888314374,3.84667685473e-05
中原证券,0.0,0.00103412616339,1.97113176061e-18,0.00103412616339,0.0
Wind万得,0.0,0.313232380775,0.0168482874284,0.00310237849018,0.0
二三四五投资基金/2345网络,0.0,0.221029618434,0.000155022804885,0.00103412616339,0.0
挖财,5.76663877365e-05,0.295311925965,0.0120830082431,0.00413650465357,7.69555506281e-05
B Dash Ventures,0.0,0.00206825232678,4.03687784573e-15,0.00206825232678,0.0
天使投资人徐易容,0.0,0.00103412616339,1.97113176061e-18,0.00103412616339,0.0
华盛基金,1.67312669551e-05,0.2409210486,0.000593226296522,0.00206825232678,3.17788273867e-05
Sutter Hill Ventures,3.211571936e-06,0.26490949966,0.0023756237055,0.00517063081696,3.211571936e-06
中国平安(平安创新投),0.00860809705385,0.37300541406,0.0815225490463,0.0361944157187,0.00861754460305
菜鸟网络-阿里巴巴,0.0,0.254507089428,0.00154708425547,0.00206825232678,0.0
零一创投,0.0023360742585,0.331799658157,0.0287704133352,0.0124095139607,0.00228929891159
薛蛮子,0.00910674921479,0.34302248782,0.0289577342558,0.0279214064116,0.00923250573548
鱼跃科技,0.0,0.287722133475,0.00591172815253,0.00103412616339,0.0
国泰创投,0.00584934301943,0.270139615134,0.00232323686205,0.00517063081696,0.00584934301943
华滨创投,0.0,0.00103412616339,1.97113176061e-18,0.00103412616339,0.0
本见投资,5.39626252183e-05,0.27514060386,0.00421967559996,0.00310237849018,9.59451781583e-05
键桥通讯,0.0,0.311985346324,0.0116485869338,0.00413650465357,0.0
陶石资本,1.21499217336e-05,0.254808014157,0.00105279017891,0.00206825232678,1.35268351304e-05
中国太平,0.0,0.299310941629,0.00794198481406,0.00206825232678,0.0
上海国际创投SIGVC,0.0,0.268457026438,0.00354630627006,0.00206825232678,0.0
普华资本,0.000132174339379,0.316684611276,0.0114848230762,0.00517063081696,0.00014979274252
正时资本,3.22554358723e-05,0.315872301903,0.0159594796838,0.00517063081696,3.66297884703e-05
中泽嘉盟,9.93255104249e-05,0.324676275666,0.0157594509316,0.00517063081696,0.000109514088434
周大福,0.0,0.311309321738,0.019116135999,0.00413650465357,0.0
和君资本,0.00230859925076,0.335937455921,0.0308727829357,0.0144777662875,0.00249589986236
秉鸿资本,0.00310154415258,0.285814161768,0.00512193670192,0.00930713547053,0.00311177291243
Ignition Partners,0.0,0.277979849046,0.00440379236314,0.00206825232678,0.0
启迪之星(启迪孵化器孵化投资基金),0.00195263573709,0.232599976226,0.000317461936496,0.00206825232678,0.00195263573709
中国风险投资,0.00220045519477,0.272876072141,0.00194012480659,0.00413650465357,0.00224498989065
久奕投资,0.000142718301068,0.263050201981,0.00177084618701,0.00517063081696,0.000181459035195
华平投资,0.000459396354244,0.33502351803,0.0355547622213,0.0113753877973,0.000542961521619
虎童基金,0.0020075514484,0.282442828274,0.00467696881317,0.00517063081696,0.00202491652372
三胞集团/宏图高科,2.14104795733e-06,0.00206825232678,1.26152432679e-16,0.00206825232678,2.14104795733e-06
上医养生,0.0,0.181133749084,5.41512601586e-06,0.00206825232678,0.0
华夏人合资本,0.0,0.240249585254,0.000510600170256,0.00206825232678,0.0
云天使基金,0.001432809166,0.329516632986,0.0202722181095,0.00930713547053,0.00139324205255
光大集团,0.000172877891183,0.302249478223,0.00895619388674,0.00413650465357,0.000284004815122
VANGOO盘古创富,0.000392617720334,0.340045566821,0.0406396338342,0.0134436401241,0.000416843643665
福田投资,7.28988742403e-06,0.282073138708,0.00439296325076,0.00413650465357,1.79482835223e-05
艾瑞资本-艾瑞咨询,0.000567664577173,0.317852327394,0.0146937993254,0.00827300930714,0.000640320905495
搜狐/畅游,0.0,0.297657290018,0.010033130238,0.00413650465357,0.0
杉杉创投,0.000467237845432,0.279966064272,0.00486329018346,0.00310237849018,0.000630429355371
探路者,0.0,0.307642937863,0.0125112584354,0.00413650465357,0.0
顺网科技,0.0,0.252198803947,0.00119469044837,0.00103412616339,0.0
厚德创新谷,1.26184087491e-05,0.282906305183,0.00532024397702,0.00413650465357,1.2548458151e-05
ClearVue锴明投资,0.000379118013729,0.313118602213,0.0213469029864,0.00930713547053,0.000505663588738
挚盈资本,0.00415646571691,0.343295703661,0.0301996805755,0.0165460186143,0.00438211043902
汇智明资产管理,0.0,0.225895050286,0.000256624992402,0.00103412616339,0.0
凤凰资本,0.0,0.225540426973,0.000186557019129,0.00103412616339,0.0
正海资本,0.0,0.22720493197,0.000251710133367,0.00310237849018,0.0
PreAngel,0.0396583020326,0.388470262232,0.0745220061571,0.0682523267839,0.0388878335176
泰山兄弟创始基金,0.0,0.278788975386,0.00316326804587,0.00103412616339,0.0
艾想投资,4.24130098939e-05,0.253683199497,0.00157154494872,0.00310237849018,6.26167370891e-05
安赐资本,0.0,0.211745397173,6.10947196792e-05,0.00103412616339,0.0
网易,0.000460516116519,0.309298712556,0.0114962262908,0.00517063081696,0.000641323310755
聚秀资本,0.00196147155196,0.262729506825,0.00166032924758,0.00310237849018,0.00196558187475
龙腾资本,0.000725700954759,0.31380251616,0.0240561553488,0.0103412616339,0.000811584129984
方源资本,0.0,0.303526588695,0.0109613765495,0.00206825232678,0.0
晶凯资本,0.0,0.23247451777,0.000317146560247,0.00103412616339,0.0
阿尔法公社,0.0,0.305679259536,0.0103508218142,0.00206825232678,0.0
e袋洗众创共享基金,0.0,0.208872186066,7.06927342186e-05,0.00103412616339,0.0
蓝山中国资本,5.55650722712e-05,0.282813488154,0.00381298021895,0.00517063081696,7.97108853148e-05
基因资本,0.00203565839877,0.304491526631,0.0153963122371,0.00930713547053,0.00205452834107
信业基金,0.0,0.298895808562,0.0129462982242,0.00517063081696,0.0
盛宇投资,0.0,0.213053759736,0.000250615709147,0.00206825232678,0.0
今日头条,0.0,0.230979504794,0.000323588607663,0.00103412616339,0.0
奥迈资本,0.0,0.284212170093,0.00335013011032,0.00206825232678,0.0
朗姿股份,0.0,0.245169371983,0.000909685064067,0.00103412616339,0.0
兰璞创投,0.0,0.251683361136,0.000911856723198,0.00103412616339,0.0
东_资本,5.20216727589e-05,0.259174838212,0.00128950346839,0.00310237849018,9.99266419295e-05
泓域资本,0.0,0.00103412616339,1.97113176061e-18,0.00103412616339,0.0
华创资本,0.00487257084993,0.371718633848,0.0781868170614,0.0310237849018,0.00482135490447
志成资本,0.00453443201926,0.314719062392,0.0139769827077,0.00827300930714,0.00450686437442
中文传媒,0.0,0.286098742746,0.00499520927043,0.00103412616339,0.0
济峰资本,0.0,0.303740490448,0.00918434656749,0.00206825232678,0.0
Morgan Stanley摩根士丹利,0.0,0.283557734175,0.00636539395571,0.00206825232678,0.0
赛马资本,0.000212768125682,0.250149597183,0.000816912912883,0.00310237849018,0.000394483069069
德丰浩创业投资,0.0,0.182244294269,8.96174099571e-06,0.00103412616339,0.0
微光创投(吴宵光),0.0111710940747,0.333210480051,0.0345306356104,0.0227507755946,0.0110554168822
方广资本,4.02249267457e-05,0.320451863157,0.0252467084067,0.00827300930714,3.91278696972e-05
天图资本,0.00514977100169,0.349276949713,0.0505481362876,0.0217166494312,0.00528742999303
九盈投资,0.0,0.233418768452,0.000419074152632,0.00103412616339,0.0
高盛集团(中国),0.00231664801477,0.305138234298,0.0207133262346,0.0134436401241,0.00247292145874
贝恩资本BainCapital,0.000126161821476,0.286288778443,0.00702578440978,0.00517063081696,0.000304713969549
高瓴资本Hillhouse Capital,0.00248028900166,0.364642771528,0.0924189705252,0.0330920372285,0.0024626443892
天鹰资本,0.00196413873304,0.296837297484,0.00815077183152,0.00310237849018,0.00196343960594
Militello Capital,0.0,0.31108463078,0.0101008327266,0.00413650465357,0.0
雷雨资本(微投VChello),0.0120474996376,0.293003233138,0.00526606375585,0.0103412616339,0.0121690708563
北京创客空间,0.000184259785514,0.296939549395,0.00654255957778,0.00517063081696,0.000249408492163
鼎晟天平投资,0.000282933564704,0.30753318298,0.0117350590553,0.00723888314374,0.000348044737301
国金证券,4.35201104483e-06,0.273655718061,0.00378502597471,0.00206825232678,5.73223763021e-06
博雅互动,1.49077675263e-05,0.302673985917,0.00827892928754,0.00206825232678,1.67574910551e-05
起源资本,0.0082262713268,0.319383294514,0.0133676956732,0.0124095139607,0.00810248062712
京北投资-京北天使,5.8474625808e-05,0.25029486408,0.00085387062565,0.00310237849018,9.36268512198e-05
光华弘人资本,0.0,0.217461027218,0.00014724834813,0.00103412616339,0.0
复星医药,0.000192023901684,0.318792718895,0.0193613561927,0.00723888314374,0.00025620120636
水木清华校友基金,0.00232619573686,0.30753318298,0.0096771286306,0.00827300930714,0.00241614364206
中兴合创/中兴通讯,0.00230711066208,0.297965956409,0.0127059878543,0.00827300930714,0.00242712157699
高榕资本Banyan Fund,0.0103820741905,0.376919769083,0.113192472702,0.0486039296794,0.0102504522302
Goldman Sachs高盛(国外),0.0,0.24928152455,0.00177537974299,0.00206825232678,0.0
中投公司,3.43706403186e-05,0.313460186143,0.0177431724742,0.00723888314374,3.94174662266e-05
百合网,0.0,0.00206825232678,4.03687784573e-15,0.00206825232678,0.0
Greycroft Partners,0.00040600383138,0.306548901811,0.00874205473025,0.00620475698035,0.000397066349082
瑞盈卓越,0.0,0.00103412616339,1.97113176061e-18,0.00103412616339,0.0
浙富控股,0.0,0.257241274811,0.00202602401879,0.00103412616339,0.0
澳洲电讯Telstra,0.0,0.238851624243,0.000480359202514,0.00103412616339,0.0
HomeAway,0.0,0.286574305815,0.00697804713148,0.00310237849018,0.0
鼎晖投资,0.0119366978594,0.379575302463,0.0999084043403,0.0465356773526,0.0115043988584
黑马基金-创业家,0.000603286947304,0.325166168198,0.0186388013366,0.0103412616339,0.000656988707384
联想乐基金,0.00265125560965,0.316800996653,0.0162970801768,0.0124095139607,0.0028937140467
JAIC日本亚洲投资,8.70111204841e-06,0.289266950299,0.00521731522199,0.00517063081696,1.11496105194e-05
K2基金,0.0,0.258552942979,0.00113473151025,0.00103412616339,0.0
天使湾,0.00473068367094,0.319265004405,0.0137588236957,0.0134436401241,0.00514830286258
弘毅投资,0.00212313826364,0.326027046858,0.0320519225013,0.0124095139607,0.00212727529537
乐视网,0.00998214655205,0.347306813816,0.0398957422809,0.023784901758,0.0102122331829
中技控股,0.0,0.278249035472,0.00415521063054,0.00206825232678,0.0
臣易资本,0.0,0.26720877616,0.00287421740853,0.00103412616339,0.0
宽带资本CBC,0.00860560260126,0.389523502889,0.122425165676,0.0517063081696,0.00822150976592
天音通信,0.0,0.276997272459,0.00267336345195,0.00310237849018,0.0
亚商资本,0.00173111639274,0.346190968632,0.0358456676272,0.0155118924509,0.00190497165802
暾澜投资,0.000449881981195,0.278428782911,0.00414973003247,0.00723888314374,0.000615831227858
富厚资本,0.0,0.271074060344,0.00299898642426,0.00206825232678,0.0
罗辑思维,0.0,0.294303691326,0.00637915833503,0.00206825232678,0.0
优点资本VantagePoint,0.0,0.301404025137,0.00888345176637,0.00206825232678,0.0
艺龙旅行网,0.0,0.286098742746,0.00499520927043,0.00103412616339,0.0
众米资本,0.000146229935558,0.296428993085,0.00592019597655,0.00310237849018,0.000186830622927
芳晟股权投资基金,9.36582698306e-05,0.316335967667,0.0165189503435,0.00620475698035,0.000110827554143
蘑菇街,0.0,0.271074060344,0.00479322334572,0.00206825232678,0.0
玖富,0.0,0.312550947024,0.0151573940362,0.00517063081696,0.0
用友幸福投资/用友,6.68124471488e-05,0.302355493473,0.010776934677,0.00517063081696,6.365505623e-05
长石资本,0.000474643873689,0.324431882534,0.0143396449825,0.00723888314374,0.000548890712064
上海长鹰投资,0.0,0.22366775088,0.00016581545173,0.00103412616339,0.0
分期乐,8.6952794272e-06,0.292804182029,0.00771197607074,0.00310237849018,9.9296255062e-06
海淀国投,0.0,0.235781048111,0.000409123240711,0.00103412616339,0.0
源政投资杨向阳,7.62598565546e-05,0.324309823887,0.0191520027752,0.00827300930714,8.18567976928e-05
陌陌科技,2.29101342756e-05,0.307972673059,0.00846289720529,0.00206825232678,2.53684302119e-05
海汇投资,5.88420395607e-05,0.246642492673,0.000689742578568,0.00206825232678,0.000113267120571
顺荣三七互娱,0.0,0.279693547012,0.00325209210292,0.00206825232678,0.0
博信资本,0.0,0.311985346324,0.0108695713619,0.00413650465357,0.0
世铭投资,0.0,0.275404316899,0.00394485563487,0.00310237849018,0.0
原子创投,0.000685780706245,0.294806946612,0.00548089291493,0.00827300930714,0.000849957858681
恩惟资本,9.05897234968e-05,0.280148037664,0.00370400867953,0.00310237849018,0.00011675378106
东软集团Neusoft,0.0,0.277890235942,0.00418071916983,0.00103412616339,0.0
赫斯特Hearst Ventures,0.00015619515413,0.33502351803,0.0294804112648,0.00930713547053,0.000161741573931
Global Brain Corporation,0.0,0.284775524246,0.00599917291756,0.00310237849018,0.0
蓝驰创投,0.00231526855923,0.358128588239,0.0772664488333,0.0310237849018,0.00244980141479
金种子创投,0.0,0.238719333119,0.000384232877545,0.00103412616339,0.0
积木盒子,0.0,0.269127540397,0.00292842796789,0.00103412616339,0.0
Google Capital,0.0,0.273048942633,0.00349975093799,0.00103412616339,0.0
DST/Yuri Milner(中国投资),0.0024617169536,0.353574861318,0.0737409426776,0.0299896587384,0.00265660770232
中泰证_(齐鲁证券),0.0,0.00103412616339,1.97113176061e-18,0.00103412616339,0.0
赛富基金,0.0163363559274,0.385516776338,0.102263189185,0.0496380558428,0.0157941818367
左驭资本,0.000247562564366,0.315409993374,0.0147901039178,0.00620475698035,0.000395245725663
渣打银行,0.0,0.282535402128,0.00398963482291,0.00103412616339,0.0
兰天控股,0.0,0.00103412616339,1.97113176061e-18,0.00103412616339,0.0
雷曼凯兴体育文化产业投资基金,0.0,0.204511390722,6.79784432401e-05,0.00103412616339,0.0
高通Qualcomm Ventures,0.00205413024185,0.364026820901,0.0749814291249,0.023784901758,0.00206246719029
凤凰祥瑞,0.000161794223713,0.31950167231,0.0177537056669,0.00723888314374,0.000191195403858
晨光文具,0.0,0.282442828274,0.00555482821612,0.00310237849018,0.0
民享财富(民享投资),0.00195263573709,0.212162321411,9.81171072431e-05,0.00206825232678,0.00195263573709
淳时资本,0.0,0.307642937863,0.0125112584354,0.00413650465357,0.0
长友基金,0.0,0.175206404856,2.88294541841e-06,0.00103412616339,0.0
贝雅资本,0.0,0.240988401424,0.000591994710124,0.00206825232678,0.0
搜狗,0.0,0.315064149083,0.0189469318042,0.00413650465357,0.0
筱光资本,0.0,0.270648512368,0.00273032256007,0.00206825232678,0.0
星河互联,0.00378812763322,0.286574305815,0.00518669715396,0.00827300930714,0.00410546200118
ColonyCapital柯罗尼资本,1.48650939745e-05,0.298481825448,0.00858677868202,0.00413650465357,1.47110069129e-05
凯旋创投,1.92975987459e-05,0.307752771115,0.0178240512563,0.00517063081696,2.35151954538e-05
前海互兴资产管理,0.000175582843481,0.265808051771,0.00234462384894,0.00310237849018,0.000354415423939
恒生电子,0.0,0.239249378821,0.000729924233563,0.00103412616339,0.0
九合创投,0.0144483274799,0.367911016599,0.068756623901,0.0455015511892,0.0145104772186
Temasek淡马锡,0.00687526801026,0.369329696612,0.108961215084,0.0506721820062,0.00698138225454
金字火腿,0.0,0.25051308105,0.000969968201997,0.00103412616339,0.0
美图秀秀,0.0,0.273048942633,0.00349975093799,0.00103412616339,0.0
盛景网联(盛景嘉成),0.00803513943421,0.36557061573,0.0556660691455,0.0330920372285,0.0083688376908
阿米巴资本,0.0118447766255,0.355910615975,0.0416729501422,0.0361944157187,0.0120543111654
蓝山投资,0.0,0.221029618434,0.000155022804885,0.00103412616339,0.0
金复资本,0.0,0.26490949966,0.0022353814995,0.00206825232678,0.0
Tiger老虎基金(中国),0.00330916206253,0.348429875462,0.0495210541824,0.0196483971044,0.00333860221741
磐谷创投,0.0020783522851,0.303740490448,0.0110200847303,0.0113753877973,0.0021268730019
招商和腾创投,0.00195890437597,0.258630516619,0.001573581339,0.00517063081696,0.00196032386222
启迪创投,0.00278539525292,0.331162317285,0.0206904187982,0.0124095139607,0.00289405373509
燧石资本,0.0,0.233292425411,0.000330661720913,0.00103412616339,0.0
北京厚持投资,9.37763251417e-05,0.244335462555,0.000940776636271,0.00310237849018,0.000145611101008
兰馨亚洲,0.000114932647178,0.327264810893,0.0227738807769,0.0103412616339,0.000131430948049
龙渊云腾(当乐网),0.0,0.254657462893,0.000925969147237,0.00103412616339,0.0
中国文化产业投资基金,0.00389958784253,0.343980651194,0.0379452059212,0.0165460186143,0.0040272549923
Iconiq Capital,0.0,0.300144676843,0.0101012436072,0.00310237849018,0.0
麒麟游戏,0.0,0.26778984526,0.00224128314907,0.00103412616339,0.0
天使投资人吴泳铭,0.000460893909583,0.326892495977,0.0173141458117,0.00620475698035,0.000543766726091
Translink Capital,0.0,0.24877792551,0.00155755702017,0.00206825232678,0.0
Google,0.0,0.276908291646,0.0028276508334,0.00206825232678,0.0
盛太投资,0.0,0.269885883498,0.00275558836071,0.00103412616339,0.0
东方资产,0.0,0.260742744069,0.00204642585477,0.00206825232678,0.0
普思投资-王思聪,0.000176987921152,0.324798610359,0.0281141464158,0.00930713547053,0.000201601281929
小马蜂创投,0.000122886749397,0.3020376706,0.0103376488773,0.00620475698035,0.000156166672776
达华智能,0.0,0.00206825232678,4.03687784573e-15,0.00206825232678,0.0
大河创投,0.00346820641463,0.303419750754,0.00953431630913,0.0155118924509,0.0037350257929
AB Capital,0.000441232593679,0.292804182029,0.00927719604041,0.00723888314374,0.000577036357464
德联资本(联和运通),0.0,0.279331014871,0.00468251284021,0.00103412616339,0.0
星火金融,0.0,0.196627625888,2.48992037244e-05,0.00103412616339,0.0
光速安振,0.0164681534949,0.383971274785,0.111157286044,0.0506721820062,0.0163774236011
银河资本,0.0,0.321407722555,0.0153037348367,0.00310237849018,0.0
国光电器,0.0,0.228530093291,0.000312509486094,0.00206825232678,0.0
京东,0.0228257400025,0.372521828821,0.0912884102793,0.0506721820062,0.0225867095964
国科嘉和,0.00738410415995,0.321527606077,0.0156361005857,0.0134436401241,0.00759797009174
动域资本,0.000658188631319,0.313460186143,0.0172874238468,0.0113753877973,0.000760068602109
北京明致无限科技,0.0,0.218011004525,9.39568388342e-05,0.00103412616339,0.0
太和投资,0.0,0.177515550225,4.92856438909e-06,0.00103412616339,0.0
中金公司,0.000118253319699,0.324309823887,0.0303382003297,0.00930713547053,0.000126625788245
洋葱基金,0.0,0.249353633755,0.00119658559206,0.00103412616339,0.0
复娱文化(复星集团),0.0,0.301720515188,0.00720015067791,0.00103412616339,0.0
思伟投资/迪斯尼,0.000123085715983,0.34085231787,0.0418035563003,0.0134436401241,0.000132567233375
斯凯网络投资,8.92259646875e-05,0.307204387702,0.00764261288854,0.00206825232678,0.000102076657997
早鸟基金,0.00195263573709,0.192328315906,2.09879987197e-05,0.00206825232678,0.00195263573709
丰实资本- 嘉实基金,0.00702497966189,0.319620137891,0.0152551738418,0.00620475698035,0.00705501198312
梧桐树资本,0.000322944781525,0.325780616739,0.0166872317329,0.00723888314374,0.000357094295855
青骢资本,0.00136834573453,0.30874481085,0.0125332506891,0.0124095139607,0.00157673549395
恺英网络,7.19150549322e-06,0.24877792551,0.00108449464054,0.00206825232678,1.42246935693e-05
观唐投资,0.0,0.00103412616339,1.97113176061e-18,0.00103412616339,0.0
汤臣倍健,2.74411771816e-05,0.266218502746,0.00251393842891,0.00206825232678,3.99146924146e-05
华数传媒,0.0,0.271672080647,0.00303456617358,0.00103412616339,0.0
线性资本LinearVenture,0.00567078837539,0.356942240949,0.0584693839691,0.023784901758,0.00555014489376
荣昌e袋洗,0.0,0.272703420403,0.00382515349316,0.00206825232678,0.0
金石投资,0.00457367028848,0.330527420204,0.024860916272,0.0186142709411,0.00465089573471
北汽产业投资基金,0.0,0.305030258985,0.00925523075505,0.00206825232678,0.0
广州科技风投,0.0,0.250950658484,0.000813320093518,0.00206825232678,0.0
新天域资本,0.00588444848826,0.359472690531,0.0712674589495,0.0310237849018,0.00597679424888
云赛创投,0.0,0.00103412616339,1.97113176061e-18,0.00103412616339,0.0
北京正阳富时投资,0.0,0.195424056199,2.01532281731e-05,0.00310237849018,0.0
壮丽峰景,0.0,0.273568870801,0.00374568232854,0.00206825232678,0.0
东方网力,0.0,0.162093928524,1.56910762083e-06,0.00103412616339,0.0
招商银行,0.0,0.230670460769,0.000652090765807,0.00103412616339,0.0
七匹狼,0.0,0.263855375541,0.00181221814446,0.00206825232678,0.0
广东文投国富,0.0,0.00103412616339,1.97113176061e-18,0.00103412616339,0.0
初创投资,0.0,0.261375231017,0.00155532473107,0.00103412616339,0.0
猎豹移动,0.000511341179891,0.341527540369,0.0265835595219,0.00930713547053,0.000541331863194
纳兰德投资,0.0,0.00103412616339,1.97113176061e-18,0.00103412616339,0.0
智金汇,0.00204742479258,0.248204869534,0.0011140594673,0.00310237849018,0.00208727650053
Accel Partners,0.0,0.304706791054,0.00748634712756,0.00103412616339,0.0
和智资本,0.0,0.245169371983,0.00066012082394,0.00103412616339,0.0
金砖资本,0.0,0.00103412616339,1.97113176061e-18,0.00103412616339,0.0
德沃创业/德沃基金,0.00275052588751,0.331671993802,0.0298992031443,0.0175801447777,0.0029620489971
以太资本,0.00202038900124,0.290828445308,0.00703091698943,0.00517063081696,0.00204565340701
九阳股份,0.0,0.217955881642,0.000205081533083,0.00103412616339,0.0
小米科技,0.0130725216792,0.376261681315,0.0930127951126,0.0382626680455,0.0127282252678
首业君京投资,0.000100635006332,0.307862682819,0.0106155083113,0.00413650465357,0.000130799880321
浩然资本,0.0,0.279784327132,0.00599759043741,0.00206825232678,0.0
民生银行(民银国际),0.000236874026329,0.305679259536,0.0151803545434,0.00723888314374,0.00035292208101
凯撒股份,0.0,0.22636961972,0.000300103592905,0.00103412616339,0.0
上海融川投资,0.0,0.24964248824,0.000978667467978,0.00206825232678,0.0
MindWorks Ventures概念资本,0.0,0.277711182955,0.00487186620317,0.00413650465357,0.0
融银资本,2.04016412549e-05,0.257934025102,0.00137202373156,0.00310237849018,3.40996916617e-05
维梧资本Vivo Capital,0.0,0.298792205162,0.00746162561155,0.00103412616339,0.0
斯道资本,0.00188014126361,0.352562581551,0.0527486028713,0.0248190279214,0.0018997971569
创新谷Innovalley,0.00918946607506,0.348570769063,0.0294037849454,0.0196483971044,0.00918601262051
元生资本,0.0,0.274177961798,0.00528911245364,0.00310237849018,0.0
东方富海,0.0181515342254,0.386727461594,0.0791267975168,0.0486039296794,0.0178750053019
北京中民银发投资,0.0,0.195424056199,2.01532281731e-05,0.00310237849018,0.0
JOY Capital愉悦资本,0.000280921663207,0.320332780339,0.0285950895276,0.00930713547053,0.000312104165364
云溪投资,0.0,0.271672080647,0.00303456617358,0.00103412616339,0.0
乾祥海泉投资(胡海泉),0.0,0.00103412616339,1.97113176061e-18,0.00103412616339,0.0
丰厚资本,0.0110626389063,0.361280600123,0.0493895337536,0.0351602895553,0.0110275227912
坚果资本,0.00394308818911,0.284118494361,0.00496275332939,0.00517063081696,0.00396511515529
合力投资,0.00300134532235,0.346747993521,0.0371759687239,0.0186142709411,0.00303530732305
任飞资本(任飞投资中心),1.71937574433e-05,0.289266950299,0.00564541550094,0.00310237849018,2.10935061254e-05
虎扑,0.000171774697648,0.314949036132,0.0124826885267,0.00517063081696,0.000208101192796
华山资本,0.000432356155864,0.318321828616,0.0193737157729,0.00620475698035,0.000539169970704
和通国际,0.00150127755655,0.32776255205,0.0208860639293,0.0103412616339,0.00149485883165
森合投资/crehol,2.92494650258e-06,0.310077522263,0.0140948515671,0.00517063081696,3.31146758797e-06
宋城演艺,9.20042452243e-05,0.29122145672,0.00729382755912,0.00310237849018,0.000130877904504
众信旅游,0.0,0.243232367915,0.000742237307572,0.00206825232678,0.0
正和磁系资本,0.000367995140635,0.294404204881,0.00607620157905,0.00723888314374,0.000421194539976
贝塔斯曼亚洲投资基金,0.00732413338417,0.376919769083,0.105318599156,0.0423991726991,0.00722465016078
中搜网络,0.0,0.270733515042,0.00246102083322,0.00206825232678,0.0
凡星资本,0.0,0.318321828616,0.0143435327115,0.00413650465357,0.0
KPCB凯鹏华盈中国,0.00813491613061,0.371558410298,0.0867151188546,0.0465356773526,0.00816653640838
金慧丰投资,0.000182936479499,0.277979849046,0.00304442806482,0.00413650465357,0.000239646289633
永宣联创,0.0107703607907,0.380077386196,0.081276151389,0.0403309203723,0.0106499819646
海航资本,0.00386142021258,0.297657290018,0.00953201142615,0.00930713547053,0.00418380960214
点睛战略基金,0.00124582783701,0.288010528531,0.00583759039034,0.00620475698035,0.00123829127661
神州泰岳(泰岳梧桐),3.67494891481e-06,0.257318063251,0.00183764488459,0.00310237849018,4.41612381755e-06
富海银涛,3.59461451876e-05,0.249137431183,0.00126519255068,0.00413650465357,5.53340315973e-05
银杏谷投资,0.00700033486847,0.347306813816,0.0364319233125,0.0258531540848,0.00734136114878
南京新百,0.0,0.00137883488452,6.30762163395e-17,0.00103412616339,0.0
NEA恩颐投资,0.000328600462696,0.332567712921,0.0220169202342,0.0103412616339,0.000412021434417
中兴国投,0.0,0.221597817967,0.000279220730074,0.00103412616339,0.0
力合清源,0.00162136885932,0.326027046858,0.0201534616139,0.0124095139607,0.00172633261949
天舟文化,0.0,0.223493780631,0.000168817865029,0.00103412616339,0.0
Unity游戏产业投资基金,0.0,0.186664251168,6.8302903413e-06,0.00310237849018,0.0
天使汇,0.0167916554095,0.336199497618,0.0242599502742,0.0258531540848,0.0169437811223
Kleiner Perkins Caufield & Byers,0.0,0.285246694868,0.00429021845414,0.00413650465357,0.0
迭代资本,0.000984606390795,0.313916792386,0.00956760992824,0.00310237849018,0.00100699207929
利欧集团股份,0.0,0.243232367915,0.000742237307572,0.00206825232678,0.0
智基创投IDT VC,9.61340600337e-06,0.289655749964,0.00513859924839,0.00310237849018,1.00627011007e-05
腾讯,0.0508652946553,0.413635082482,0.187774856892,0.106514994829,0.0491750915034
同道齐创,0.0,0.260348991813,0.00204961594946,0.00206825232678,0.0
云锋基金,0.00162007551744,0.354010477163,0.0549667008419,0.0206825232678,0.00170490671867
同渡创投,0.0,0.286574305815,0.00631260537197,0.00206825232678,0.0
德福资本GL Captal,7.21417129098e-06,0.28571942721,0.00696544553871,0.00310237849018,9.49933752073e-06
TOM集团,0.0,0.300144676843,0.0101012436072,0.00310237849018,0.0
蝙蝠资本,0.00195263573709,0.225776718673,0.000284659341744,0.00206825232678,0.00195263573709
游族网络,0.0,0.00103412616339,1.97113176061e-18,0.00103412616339,0.0
辰德资本,0.00251197882116,0.241528582766,0.000579693337927,0.00517063081696,0.00268557803024
互爱科技,0.0,0.280148037664,0.00342909629597,0.00206825232678,0.0
263网络通信(二六三),0.0,0.298585213679,0.0159425771185,0.00517063081696,0.0
正源资本/正源策略,8.48027538892e-06,0.290436493225,0.0103419373707,0.00413650465357,9.57809955029e-06
新鼎明影视投资,0.0,0.266054170337,0.00304550629288,0.00206825232678,0.0
复星集团,0.00212552496638,0.340314059176,0.0381800032949,0.0196483971044,0.00225861250721
联通,0.00588246365186,0.261454507702,0.00165641383468,0.00517063081696,0.00590314064906
嘉御基金,6.46863706313e-05,0.323822506346,0.0344786166291,0.0103412616339,6.1395184076e-05
美的集团,0.0,0.273829578111,0.00297881730655,0.00206825232678,0.0
数元创投-宇海数园,4.79982422751e-05,0.264665493366,0.00161563577006,0.00310237849018,7.37576071218e-05
General Atlantic泛大西洋投资,0.0,0.306767086083,0.0104961917851,0.00206825232678,0.0
皖新传媒,0.0,0.28936405233,0.0088606502242,0.00517063081696,0.0
天善资本,4.06985165526e-06,0.252346461327,0.00107850267644,0.00206825232678,4.68354240667e-06
诺基亚成长基金,3.97217769708e-05,0.30129867595,0.0150591148344,0.00930713547053,5.13677387136e-05
飞鱼科技,0.0,0.26369394674,0.00188651613751,0.00103412616339,0.0
Susquehanna Growth Equity（SIG）,8.82301090564e-06,0.332055281931,0.0279501001672,0.00620475698035,9.82366831578e-06
汇财私人资本,0.000416488415976,0.297349262467,0.00823152536797,0.00517063081696,0.000513592650455
钟鼎创投,0.00879819035568,0.348148429682,0.047586963455,0.0258531540848,0.0088581882932
荣正投资,3.0725195085e-05,0.265398864499,0.00200749415743,0.00310237849018,4.63239206149e-05
迅雷,0.000386341323142,0.293302317759,0.00807700411819,0.00310237849018,0.000508557451845
互联网电影集团IFG,0.0,0.00310237849018,3.49180077996e-13,0.00310237849018,0.0
纽信创投,0.000284257433628,0.306767086083,0.0114711587815,0.00827300930714,0.00032630237085
昆仑万维,0.000503868897091,0.329390719103,0.0269291378425,0.0134436401241,0.000572126731939
娱乐工场,4.28215969442e-05,0.314489424258,0.0140292364867,0.00620475698035,4.34779167358e-05
绩优投资,0.0,0.198118940908,2.2205653664e-05,0.00103412616339,0.0
天堂硅谷,0.00109161553609,0.287242756379,0.00415421051976,0.00827300930714,0.00135116583989
微影资本(微影时代),0.00039809957059,0.278428782911,0.00371586205676,0.00620475698035,0.000500709214947
考拉产业基金(拉卡拉),0.0,0.23335557983,0.000341416357695,0.00206825232678,0.0
Incubate Fund,0.0,0.00206825232678,4.03687784573e-15,0.00206825232678,0.0
中大创投,1.07052397867e-06,0.181171818388,5.58047545529e-06,0.00310237849018,1.07052397867e-06
和玉基金,0.00454428661768,0.357534430482,0.0667225532445,0.028955532575,0.00437393090859
百度,0.00951656596058,0.370440701286,0.0825236623861,0.0423991726991,0.00950893779347
祥峰投资Vertex,0.00316745746514,0.372844079538,0.1013256919,0.0361944157187,0.00307788571016
搜于特服装,0.0,0.00103412616339,1.97113176061e-18,0.00103412616339,0.0
康得新,0.0,0.00206825232678,4.03687784573e-15,0.00206825232678,0.0
Lakestar,0.0,0.319738691355,0.0134219463577,0.00310237849018,0.0
冠英资本,0.0,0.204900288066,5.56623133894e-05,0.00310237849018,0.0
联创好玩,0.0,0.27435248628,0.00381959149357,0.00206825232678,0.0
熊猫资本,0.00143420959401,0.300983069795,0.0118166254275,0.00827300930714,0.00139093785441
国富源投资,0.0,0.244960361436,0.000782422146303,0.00103412616339,0.0
谱润投资,0.00124897897479,0.271330032072,0.00498853111026,0.00517063081696,0.00119609838113
Pinehurst Advisors,0.0,0.00206825232678,4.03687784573e-15,0.00206825232678,0.0
万嘉创投,0.000906304387322,0.31030076022,0.0110019306994,0.00620475698035,0.00106535897538
信天创投,0.00645736819526,0.333855736597,0.0232908291093,0.0124095139607,0.00648585782744
三行资本,4.79263662415e-05,0.263613306389,0.00214416308604,0.00413650465357,7.06205175627e-05
戈壁投资,0.0122311566027,0.377580162896,0.0719186414414,0.0455015511892,0.0119511584146
TMI台湾创意工场,0.0,0.256934578805,0.00125897525997,0.00103412616339,0.0
源渡创投,0.00144608178482,0.337251765216,0.0261205236475,0.00827300930714,0.00145724867663
春泉创投,0.0,0.274003659216,0.00281024098503,0.00103412616339,0.0
光源资本,0.000627335674515,0.337251765216,0.0325074112192,0.0113753877973,0.000748730680533
联发科MTK,0.000322689109031,0.316800996653,0.0179734905606,0.00517063081696,0.000405926975238
JPMorgan摩根大通,0.0,0.293402148364,0.0100720445334,0.00310237849018,0.0
神州租车,0.0,0.278518743746,0.00499765046052,0.00206825232678,0.0
T. Rowe Price,0.0,0.27090368067,0.00447144447065,0.00517063081696,0.0
韬蕴资本,0.0,0.259721455828,0.00192342647616,0.00103412616339,0.0
盈动投资(盈开投资),0.00912402516129,0.350840664181,0.0402964216629,0.0268872802482,0.00942917172974
Y Combinator-YC,0.0,0.323822506346,0.0159552125517,0.00310237849018,0.0
文资华夏文化产业基金,0.0,0.298895808562,0.0129462982242,0.00517063081696,0.0
协立投资,0.0,0.255034175116,0.00159149161161,0.00103412616339,0.0
天星资本,0.000256216252533,0.298481825448,0.00978205490609,0.00723888314374,0.00032774997216
华谊兄弟,0.00466946700987,0.329139179799,0.021851783692,0.0175801447777,0.00496983922667
数联资本,0.0,0.204900288066,5.56623133894e-05,0.00310237849018,0.0
安芙兰创投,0.00114791917738,0.30246158312,0.00984923680396,0.0103412616339,0.00122514669397
LinkedIn,0.0,0.302886687243,0.0113161780215,0.00206825232678,0.0
凯欣亚洲投资Crescent Group,1.13454507833e-05,0.281244865218,0.00504557802051,0.00413650465357,1.48154547937e-05
腾信股份,0.0,0.283744408128,0.00480802345926,0.00206825232678,0.0
普洛斯GLP,0.0,0.254507089428,0.00154708425547,0.00206825232678,0.0
华联股份,0.0,0.316103964757,0.0200486690294,0.00517063081696,0.0
小饭桌,8.91620263892e-05,0.296021810403,0.00860390526855,0.00517063081696,9.10387877922e-05
弘鹰资本,0.0,0.236103947382,0.000440119801291,0.00103412616339,0.0
华_创投,0.0,0.245308910613,0.000662294559745,0.00206825232678,0.0
游侠汇,1.77146229803e-06,0.253013064835,0.00135210323381,0.00310237849018,2.30757390957e-06
安持资本,0.000155512436966,0.332055281931,0.023481612251,0.00827300930714,0.000165976569314
58同城,0.00684655455342,0.359173129955,0.063046435451,0.0217166494312,0.00682273710784
苏宁云商,0.0,0.242411561275,0.00100909645406,0.00103412616339,0.0
海通创意资本,0.00249535962655,0.305679259536,0.0102755308085,0.0103412616339,0.00261524618736
磐石资本,0.00819788130969,0.323579396356,0.021133350349,0.0144777662875,0.0085401291855
Farallon Capital法拉龙资本,2.26023960946e-05,0.271074060344,0.00436852046504,0.00723888314374,3.84667685473e-05
财晟资本,0.0,0.233292425411,0.000330661720913,0.00103412616339,0.0
红珊瑚资产,0.0,0.205584429261,5.2290589334e-05,0.00103412616339,0.0
才金资本,0.000570814850218,0.275580406615,0.00386795289445,0.00620475698035,0.000730433006951
汉理资本,0.00149842863064,0.320213785993,0.0242756351176,0.0144777662875,0.00153858253321
易车网,0.00346173624806,0.348994134369,0.050982558007,0.0165460186143,0.00323459637639
AA投资,1.53581078981e-06,0.31761809576,0.022042544901,0.00517063081696,1.58739102038e-06
威创股份,0.0,0.218011004525,0.000131928391914,0.00103412616339,0.0
中路资本(中路集团),0.00863825926349,0.330654204792,0.0272194253489,0.0206825232678,0.00861784535496
好药师大药房,0.0,0.264097889673,0.00166554874114,0.00103412616339,0.0
Mayfield Fund,0.0,0.271074060344,0.00201696426256,0.00206825232678,0.0
北京众海投资,0.000400948484272,0.328637251961,0.0204246926829,0.00723888314374,0.000418404120065
乐顺创投,0.0,0.279693547012,0.00374586506178,0.00103412616339,0.0
久邦数码/3G门户,0.0,0.301720515188,0.00720015067791,0.00103412616339,0.0
乐创会,0.0,0.254057032683,0.00142018595253,0.00206825232678,0.0
长安私人资本,0.000150383949916,0.298895808562,0.00941245014064,0.00620475698035,0.000174536365481
曲速资本,0.000237669158101,0.25256827187,0.00120119207629,0.00413650465357,0.000364344166733
德同资本,0.0139002309075,0.376590437699,0.0831808619949,0.0465356773526,0.0135368128863
国开金融(国开开元),0.000562105640933,0.311985346324,0.0185395808178,0.00827300930714,0.000579031046293
未来工场,4.43146132066e-06,0.282906305183,0.00470305831444,0.00206825232678,4.52995460461e-06
风投侠,0.0,0.251830415394,0.000950936084629,0.00103412616339,0.0
中信资本,0.00440787339417,0.351699515256,0.0493588803789,0.0258531540848,0.00448125155197
迅游网络,0.0,0.256858019038,0.00135645589431,0.00310237849018,0.0
南山资本,0.000435182088055,0.313118602213,0.0165418255309,0.00517063081696,0.000468567040511
泰山天使,0.000125328591487,0.31108463078,0.0138700734339,0.00620475698035,0.000159890615853
BWVC泽厚资本,0.000151887256106,0.265726113407,0.0020606890453,0.00413650465357,0.000180479047794
励石投资,0.0,0.270648512368,0.00290344837424,0.00413650465357,0.0
博汇源创投,3.11182229272e-06,0.253907367273,0.00139886387903,0.00206825232678,4.18676444131e-06
星芒基金,0.0,0.307313907983,0.0098191019876,0.00206825232678,0.0
巨人网络(巨人创投),0.000274265541183,0.262729506825,0.0012352986606,0.00517063081696,0.000369203776582
前程无忧,0.0,0.219733752713,0.000157431316587,0.00103412616339,0.0
开物投资,5.68177944424e-05,0.284305907616,0.00391088994707,0.00413650465357,7.69191227877e-05
红秀资本,0.0,0.246501433198,0.00116372227118,0.00310237849018,0.0
浙江传化股份有限公司,0.0,0.245169371983,0.00066012082394,0.00103412616339,0.0
耀途资本,9.18582964368e-06,0.261533832492,0.00185115257935,0.00310237849018,1.41557679679e-05
天使投资人王刚,0.00262285481753,0.323336651122,0.0195788593444,0.0113753877973,0.00272984711628
蓝色光标,3.79599918443e-05,0.277353768305,0.00346721645469,0.00413650465357,5.75345434979e-05
怡和创投,4.41542124534e-07,0.307752771115,0.0131204705386,0.00310237849018,4.62031090793e-07
红点投资Redpoint Ventures,0.000313637901322,0.340448464413,0.0550747729571,0.0186142709411,0.0003321743913
中卫基金,0.005862413568,0.250877622786,0.000941949723414,0.00517063081696,0.00586900338787
国微技术,0.0,0.270988843726,0.002562071021,0.00103412616339,0.0
Salesforce,0.0,0.22816715508,0.00043326522921,0.00103412616339,0.0
友田资本,6.14709541999e-06,0.256552235682,0.00112591955415,0.00206825232678,6.745189307e-06
深创投,0.0239724208862,0.37544229612,0.0708567490233,0.0455015511892,0.0239257269946
聚腾时尚产业基金,0.0,0.00103412616339,1.97113176061e-18,0.00103412616339,0.0
东方弘道(弘合基金),0.00430508970921,0.353719947432,0.0521734720044,0.0248190279214,0.00427039348813
我爱我家明道资本,0.0,0.241799582579,0.000778149754952,0.00310237849018,0.0
鸿凯投资,0.0,0.231475701367,0.000287950269303,0.00103412616339,0.0
博将资本,0.00195263573709,0.306548901811,0.00914471078713,0.00413650465357,0.00195263573709
Greenspring Associates,0.0,0.236882525939,0.00132219660452,0.00413650465357,0.0
华映资本,0.00744647108842,0.34085231787,0.0308064824152,0.0248190279214,0.00785597099214
口袋购物/知本投资,7.11242477945e-05,0.282720732008,0.00490034559657,0.00310237849018,9.24025027768e-05
A8音乐,6.87011722945e-05,0.259721455828,0.00207268961583,0.00413650465357,9.66156773161e-05
架桥投资,3.57512770971e-06,0.314489424258,0.0130213690415,0.00310237849018,3.54781491993e-06
好望角投资,0.0036583032588,0.27090368067,0.00261811394544,0.0103412616339,0.0039006727315
Foundation Capital,0.0,0.264665493366,0.00212059537785,0.00206825232678,0.0
广汽集团,0.0,0.246219797741,0.00115928570742,0.00517063081696,0.0
华欧创投基金,5.20578378835e-05,0.310748201836,0.0105267037286,0.00413650465357,5.4892635024e-05
昆吾九鼎投资,0.00218522781675,0.306439926019,0.0123403806414,0.0124095139607,0.00244383650026
亚杰天使投资,0.00368076828873,0.283371305685,0.00298306922317,0.00620475698035,0.00405654496982
国金投资,0.00183534976072,0.334244091467,0.0272132725711,0.0134436401241,0.00174567194072
鸿海集团Foxconn/富士康,0.00051352941952,0.344530580293,0.0404135222164,0.0134436401241,0.000591530874542
Mustang Ventures愈奇创投,0.00390098937826,0.278249035472,0.00359670395257,0.00206825232678,0.00390098937826
西山天使会,0.0,0.26778984526,0.00224128314907,0.00103412616339,0.0
乐搏资本,0.00250745056974,0.337119871683,0.0308956627678,0.0175801447777,0.00244690820666
DCM中国,0.00610269048625,0.383629511301,0.107971484074,0.0434332988625,0.00581978414121
中国人寿,0.000129686093803,0.255412003524,0.00224807471073,0.00723888314374,0.000207124396234
浙江文创控股集团,2.944633246e-05,0.269464054984,0.00236945789227,0.00310237849018,4.22928632701e-05
安思晟投资ACEON,0.000189223770905,0.297965956409,0.00870738398229,0.00827300930714,0.000216975167655
盛大集团/盛大资本,0.00539307597481,0.358128588239,0.0480977433572,0.0196483971044,0.00538245949762
考拉资本,0.0,0.222513038692,0.000259201552254,0.00206825232678,0.0
广发信德-广发证券,0.0147242493202,0.332696067886,0.0230929341103,0.0196483971044,0.0148527157854
住友商事亚洲资本,0.0,0.269464054984,0.00278370254899,0.00103412616339,0.0
光谷创业咖啡,0.0,0.279331014871,0.00468251284021,0.00103412616339,0.0
墨池山创投,2.48231776098e-06,0.262809607284,0.00159837407968,0.00206825232678,3.05573124554e-06
玖创资本,0.00113456657773,0.299935807896,0.0123309263288,0.00723888314374,0.00113482431627
Brookside Capital,0.0,0.27090368067,0.00447144447065,0.00517063081696,0.0
信雅达,0.0,0.277890235942,0.00482018962665,0.00103412616339,0.0
TCL创投/TCL,0.0008138632847,0.312324460831,0.0129730262782,0.0113753877973,0.000949944981236
Star VC,0.002235388922,0.331035142816,0.0288917197844,0.0113753877973,0.00228052550995
鲁证创投,0.0,0.277890235942,0.00376743190195,0.00206825232678,0.0
赛领资本,0.00214318876047,0.30753318298,0.0137516363732,0.00723888314374,0.0022555334956
晨曜资本(晨之科),0.0,0.186664251168,6.8302903413e-06,0.00310237849018,0.0
腾邦梧桐基金,0.0,0.00103412616339,1.97113176061e-18,0.00103412616339,0.0
点亮资本,0.00137806732492,0.321647579064,0.0155202925674,0.00930713547053,0.00161411453632
创业邦天使基金,0.00201771199567,0.325043556521,0.0196532604485,0.0134436401241,0.00235295290639
学大教育,0.0,0.259330779751,0.00155971575905,0.00103412616339,0.0
ING(荷兰国际集团),0.0,0.00103412616339,1.97113176061e-18,0.00103412616339,0.0
IDG Venture (海外),0.000210183328014,0.331927420829,0.0212507876581,0.00723888314374,0.000312008224077
曼图资本Mandra Capital,0.000790442595207,0.346887529937,0.0405730784118,0.0165460186143,0.000836918982392
日照义聚投资,0.0,0.00310237849018,3.49180077996e-13,0.00310237849018,0.0
金葵花资本,0.00195263573709,0.248276357112,0.000790431369714,0.00310237849018,0.00195263573709
中国远镜连锁成长基金,0.000114325185308,0.299518940894,0.0123663612618,0.00620475698035,0.000174296008639
H Capital,0.00043240532,0.350128152678,0.0542872756737,0.0144777662875,0.000428964546908
华睿投资,0.00135558089444,0.32776255205,0.0153877444182,0.00930713547053,0.0015142524817
洪泰基金,0.0115568778047,0.354884936967,0.0378965658723,0.0279214064116,0.0114942263261
杭州基本粒子投资,2.5746017003e-05,0.263855375541,0.00189423520414,0.00310237849018,3.19286180174e-05
基石资本,0.00498693755749,0.348994134369,0.0413153348632,0.0206825232678,0.00499236706264
湖杉资本,1.05504393981e-05,0.285435599964,0.00671405774797,0.00310237849018,1.22081472992e-05
名信中国成长基金,0.0,0.304706791054,0.00637836775268,0.00103412616339,0.0
君联资本,0.0187974984809,0.39146935145,0.123179809475,0.0630816959669,0.0183689749237
孝昌水木投资(唐彬森),1.22813113313e-05,0.22798611793,0.000286447710903,0.00206825232678,1.77109508351e-05
联新资本,2.14595400564e-05,0.296939549395,0.012220880622,0.00620475698035,3.10400557342e-05
东方证券(东方星晖),5.49948224092e-05,0.275404316899,0.00440649869664,0.00413650465357,6.82987713107e-05
景林投资,0.0173719370609,0.386554041207,0.104078966473,0.0537745604964,0.0170839172438
普禾资产,0.0,0.274439831866,0.00249161986782,0.00103412616339,0.0
中瑞资本－和嘉瑞兴,0.0,0.274439831866,0.00249161986782,0.00103412616339,0.0
沃衍资本,7.98310304093e-05,0.30874481085,0.0103002072778,0.00310237849018,9.42331537505e-05
华晟资本-华兴资本,5.52075833658e-05,0.31761809576,0.014663072132,0.00413650465357,7.29485886159e-05
欧擎欣锦(欧擎集团),0.0,0.231849250106,0.000258880572596,0.00103412616339,0.0
业禾基金(业禾投资),0.0,0.246783713682,0.000757260451732,0.00206825232678,0.0
奋达科技(泓锦文基金),0.00400913196205,0.30129867595,0.00961303666848,0.00723888314374,0.0040325010327
博_创投,0.0,0.25571507324,0.00111545713752,0.00103412616339,0.0
北信源,0.0,0.226548097738,0.000400019394564,0.00103412616339,0.0
DFJ德丰杰中国基金,0.00502698067754,0.359772751207,0.0559708473614,0.0279214064116,0.0050077698002
热酷游戏,0.0,0.263452173561,0.00138690442682,0.00103412616339,0.0
华录百纳,0.0,0.25839793522,0.00148604293706,0.00103412616339,0.0
嘉道谷投资(龚虹嘉),9.10795685587e-06,0.273135460042,0.00289185059025,0.00310237849018,9.74511247928e-06
上海浦软创投,1.47127471335e-05,0.302886687243,0.00823354296731,0.00310237849018,1.33320063704e-05
复星昆仲,0.00758120834042,0.368068109262,0.0912705744853,0.0372285418821,0.00744831227926
中美创投,5.38306802251e-05,0.29350204695,0.00682218332975,0.00517063081696,5.78001773391e-05
红杉资本中国,0.0847151584809,0.436905986768,0.237005837038,0.150982419855,0.0815791217269
鸣客资本,0.0,0.233418768452,0.000482618059427,0.00103412616339,0.0
Institutional Venture Partners,0.000824855643952,0.313004906279,0.0132253013314,0.00930713547053,0.000911708841446
凯雷亚洲基金,0.000802437967487,0.315179346213,0.0139077158817,0.00723888314374,0.000842882954972
中科招商,0.000109800421288,0.273482078646,0.003085253603,0.00310237849018,0.000146146143058
海通开元,0.0129921370806,0.367127560431,0.0716237783648,0.0382626680455,0.0125032129178
黑洞投资,0.000101784021957,0.262969954818,0.00216366087438,0.00413650465357,0.000165941697613
紫牛基金,0.000111262525858,0.272014992708,0.00296335701519,0.00517063081696,0.000154293063759
五岳天下资本,0.00798824118349,0.338975820642,0.0298787401918,0.0227507755946,0.00829071279795
尚势资本(尚势投资),0.00377069007525,0.260979567633,0.0021593782094,0.00413650465357,0.00387138040753
达泰资本,0.00624124867877,0.323336651122,0.0182092517293,0.0134436401241,0.00625141199448
宏流投资,0.0,0.246501433198,0.00116372227118,0.00310237849018,0.0
暴风科技,0.000364078179253,0.323822506346,0.0199322444744,0.00930713547053,0.000415041602035
北极光创投,0.0373783265171,0.402999304298,0.126716929785,0.0796277145812,0.0367680985335
Macquarie麦格理,0.0,0.26720877616,0.00287421740853,0.00103412616339,0.0
四维图新,0.0,0.233292425411,0.000275882646918,0.00103412616339,0.0
高览资本,0.0,0.258243113209,0.00139905035358,0.00103412616339,0.0
翰潭投资,2.60524344844e-05,0.282165470341,0.00343351583884,0.00310237849018,3.48245254746e-05
FLAG Capital Management,0.0,0.240988401424,0.000591994710124,0.00206825232678,0.0
头头是道投资基金,0.00195263573709,0.238984062072,0.000480836060351,0.00206825232678,0.00195263573709
Chinaccelerator中国加速,0.0,0.219398195951,0.000149520794484,0.00103412616339,0.0
好贷网,0.0,0.00103412616339,1.97113176061e-18,0.00103412616339,0.0
丰图投资,0.00390098937826,0.273395341545,0.00311349279458,0.00206825232678,0.00390098937826
明家科技,0.00189964348406,0.246430963949,0.000754701344955,0.00310237849018,0.00191978233941
老鹰基金EaglesFund,0.0027855196142,0.316219923658,0.012186003273,0.0165460186143,0.00304658267465
创新工场,0.0387019173239,0.410288201757,0.15865304255,0.0837642192347,0.0378192033219
华溢资本,0.0,0.26720877616,0.00223586985562,0.00206825232678,0.0
远东宏信,0.000307473953201,0.311985346324,0.0266041773536,0.0113753877973,0.000398499760124
清控科创控股,0.000579788863063,0.324554033092,0.0158986970365,0.0103412616339,0.000633252257599
华泰瑞麟(华泰证券),0.000124723568672,0.302886687243,0.00803924133953,0.00310237849018,0.000183429539749
晨兴资本,0.016727663867,0.402999304298,0.174178705178,0.0827300930714,0.015898216414
广联达,0.00195263573709,0.286288778443,0.00500016605944,0.00206825232678,0.00195263573709
上海物联网创业投资基金,0.0,0.17538464128,3.11056321303e-06,0.00103412616339,0.0
易居资本/易居中国,0.000194756114604,0.309966023694,0.0123296376183,0.00413650465357,0.000302248902368
歌华有线,0.0,0.268791865261,0.00230349101646,0.00206825232678,0.0
无穹创投,7.13816320766e-05,0.287338503964,0.00513129138135,0.00413650465357,9.79764904264e-05
开发金控CDIB Venture Capital,0.0,0.25839793522,0.00148604293706,0.00103412616339,0.0
疆域基金,0.00390098937826,0.296428993085,0.00903248342916,0.00413650465357,0.00390098937826
日本KDDI电信,0.0,0.24928152455,0.00164673329695,0.00206825232678,0.0
日照众聚投资,0.0,0.00310237849018,3.49180077996e-13,0.00310237849018,0.0
英特尔投资Intel Capital,0.00252754814421,0.360826920005,0.0625204253915,0.0279214064116,0.00254885412455
Arbor Ventures乔木创投,4.18811914708e-05,0.305787694889,0.0120612940891,0.00517063081696,5.45173428286e-05
建元天华投资,0.0,0.159810068946,6.6097769854e-07,0.00103412616339,0.0
825新媒体产业基金,6.61015763322e-05,0.290338670223,0.00651843660446,0.00620475698035,7.89645482542e-05
鼎鑫资本,0.0,0.173269449627,3.08914844349e-06,0.00103412616339,0.0
美团,0.0,0.307642937863,0.0175314668326,0.00413650465357,0.0
米仓资本,0.0007239208306,0.331671993802,0.028340655792,0.0134436401241,0.000767376230163
光信资本,0.00952081757556,0.358128588239,0.0678513096462,0.0258531540848,0.0095529513647
全明星投资All-Stars Investment,0.000157833478296,0.273222032296,0.00787190125948,0.00620475698035,0.000270819581419
日照银杏树,0.0,0.00310237849018,3.49180077996e-13,0.00310237849018,0.0
Crystal Stream清流资本,0.00212899374107,0.352995705116,0.0499003239034,0.0186142709411,0.00211289325167
太乙汽车技术,0.0,0.00103412616339,1.97113176061e-18,0.00103412616339,0.0
凯洲资本,0.0,0.259096937749,0.00184103291342,0.00103412616339,0.0
拓维信息,0.00390098937826,0.241325731213,0.000666063071806,0.00206825232678,0.00390098937826
华岩资本ChinaRock,0.0011013791778,0.345774373001,0.0366191153772,0.0155118924509,0.00119967582067
黑桃资本,0.0,0.287818200966,0.00677114079974,0.00206825232678,0.0
十维资本,8.30968313522e-05,0.280969853941,0.00278312292981,0.00206825232678,8.8741211907e-05
分享投资,0.00508034227168,0.343569355079,0.0337956516516,0.0279214064116,0.00551361953115
山楂树资本,0.0,0.29673511597,0.0111128732812,0.00310237849018,0.0
十方创投,0.000481433740328,0.274265196275,0.00290342611251,0.00310237849018,0.000805706263534
TalkingData腾云天下,0.0,0.00206825232678,4.03687784573e-15,0.00206825232678,0.0
Lightspeed Venture Partners美国光速,0.000405508525071,0.326521027232,0.0184192269974,0.0103412616339,0.000549476615445
金浦集团,0.0,0.317735168409,0.0146455000546,0.00413650465357,0.0
北软天使基金,0.00252553684088,0.326768579186,0.0206185292343,0.0206825232678,0.00262810799604
北京华山投资,0.0,0.259721455828,0.00151444454022,0.00103412616339,0.0
新华资本-新华信托,0.0,0.00206825232678,4.03687784573e-15,0.00206825232678,0.0
苏河汇,0.0080327980572,0.321287928398,0.0138573081611,0.0113753877973,0.00815085327352
乐尧创投,0.00023842873351,0.276819367981,0.00301430393832,0.00310237849018,0.000363263586288
松禾资本,0.0167987462977,0.3780769789,0.0560855027192,0.0372285418821,0.0167641807044
博润投资,0.0,0.281153134994,0.00376043413909,0.00206825232678,0.0
远瞻资本,0.000277148542609,0.316103964757,0.0124721406778,0.00517063081696,0.00038454493138
众诚资本,0.00164949840059,0.289655749964,0.00555264789335,0.0103412616339,0.00206048147914
华泽资本,0.0,0.271586487679,0.00252801949533,0.00206825232678,0.0
太盟投资集团(PAG),0.0,0.298792205162,0.00746162561155,0.00103412616339,0.0
麦星投资管理,5.41481258859e-05,0.325780616739,0.0261517056184,0.00620475698035,7.28645577815e-05
欢聚时代,0.00197509626586,0.280695379971,0.00600794784637,0.00517063081696,0.00200350116968
GIC新加坡政府投资公司,0.00692688622753,0.338443467567,0.050657819716,0.0206825232678,0.00689771562859
联科创盈,0.0,0.298378508789,0.0069153283028,0.00206825232678,0.0
熠美投资,0.0,0.269885883498,0.00275558836071,0.00103412616339,0.0
NextBig三万弘合投资,0.000179293066841,0.323094269825,0.0151602050252,0.00517063081696,0.000189394844423
易宝支付,0.0,0.238653242495,0.000601060283358,0.00103412616339,0.0
Cherubic Ventures心元资本,0.000613730682765,0.329390719103,0.0303389126584,0.0134436401241,0.000663262123892
澳银资本,0.0,0.20306608054,3.98239365886e-05,0.00103412616339,0.0
恒力控股集团,0.0,0.00103412616339,1.97113176061e-18,0.00103412616339,0.0
中国移动(中移创新产业基金),0.0,0.268791865261,0.00230349101646,0.00206825232678,0.0
华威国际集团CID,0.00198160655752,0.331799658157,0.0251245838377,0.0124095139607,0.00199435404676
Google Ventures,0.0,0.324554033092,0.0173655598026,0.00413650465357,0.0
创势资本,3.55350384725e-05,0.266300745101,0.00190089127913,0.00310237849018,4.07054577843e-05
复励投资,0.0,0.246713082969,0.000733418097527,0.00103412616339,0.0
阿里巴巴,0.0193466059928,0.38125409637,0.096382584391,0.052740434333,0.0190643593903
奥瑞金,0.0,0.266054170337,0.00191989002914,0.00206825232678,0.0
创客总部,0.00195477678505,0.248347885881,0.000814568985394,0.00413650465357,0.00195477678505
完美世界,0.000961263891964,0.3020376706,0.00797664628049,0.00723888314374,0.00121631237562
尚雅投资,0.0,0.258552942979,0.00131220758629,0.00103412616339,0.0
Atlas Venture,0.0,0.295717156738,0.00633059043992,0.00206825232678,0.0
浙商创投,0.00186261551834,0.349702033222,0.0444521144376,0.0186142709411,0.00196013412685
抱团科技/尼毕鲁科技Tap4fun,0.00199472132147,0.318439420721,0.0164480591535,0.0103412616339,0.00218490933356
泰格医药,0.0,0.198301244972,3.06205369538e-05,0.00206825232678,0.0
常春藤资本Ivy Capital,0.00415801738679,0.338709434928,0.0278526021748,0.0144777662875,0.00432399129836
联想集团,1.19309054e-05,0.322369301381,0.0176879910202,0.00517063081696,1.29440821744e-05
Coatue Management,2.76749047291e-05,0.313118602213,0.0258300691863,0.00827300930714,3.10297360614e-05
松源资本,0.0,0.232036476956,0.000304782143897,0.00103412616339,0.0
BitFund.PE比特基金李笑来,0.0,0.255866877973,0.00114245940207,0.00103412616339,0.0
元_资本,0.00399230242495,0.353429894175,0.0643489840871,0.0206825232678,0.00406929816516
InnoSpace创智空间,0.000157748670568,0.316684611276,0.0125986927204,0.00723888314374,0.000187944908341
弘俊财富,0.0,0.253683199497,0.00117061151159,0.00103412616339,0.0
蓝港互动,0.00102598466047,0.331544427651,0.0239634677037,0.0103412616339,0.00101157935244
山蓝资本,0.000751501300816,0.268959598094,0.00297224183581,0.00517063081696,0.000833046572085
时代伯乐,0.0,0.270224298399,0.00182352738684,0.00206825232678,0.0
洪门投资,0.0,0.196582784924,3.50837652627e-05,0.00103412616339,0.0
盛世景,0.0,0.272444852052,0.00318403641653,0.00206825232678,0.0
网龙网络(M Fund),0.0,0.286764974016,0.0132503208458,0.00413650465357,0.0
HAXLR8R,0.0,0.275492333619,0.00248190920232,0.00206825232678,0.0
众为资本,1.9852591741e-05,0.297965956409,0.0124264787506,0.00413650465357,3.04515239092e-05
亚信联创,0.0,0.275844963806,0.00385455240992,0.00103412616339,0.0
汉鼎股份,1.56303111988e-05,0.263210843326,0.00160995318259,0.00206825232678,3.13068415253e-05
润和软件,0.0,0.00206825232678,4.03687784573e-15,0.00206825232678,0.0
云毅投资,0.0,0.210093958541,7.31390590636e-05,0.00103412616339,0.0
Norwest Venture Partners,0.0,0.271074060344,0.00239863656101,0.00206825232678,0.0
天使投资人陈中,0.0,0.00103412616339,1.97113176061e-18,0.00103412616339,0.0
颐成投资,0.0,0.246783713682,0.000757260451732,0.00206825232678,0.0
亿联资本(鲍岳桥),0.0,0.208922809475,8.62316702695e-05,0.00206825232678,0.0
易孚泽投资-林广茂,0.0,0.260270384025,0.00262588714433,0.00206825232678,0.0
苏州凯风创投,0.0,0.246079221208,0.000727120888791,0.00103412616339,0.0
星汉资本,2.07488774642e-06,0.234689766374,0.000520761162272,0.00206825232678,3.01409270206e-06
招商局,0.000297026443814,0.283744408128,0.00347561686908,0.00620475698035,0.000392881345246
坚果创投,0.0,0.266712720264,0.00227066358691,0.00310237849018,0.0
杭州多牛资本,0.000307728840423,0.304706791054,0.00867221438646,0.00413650465357,0.00042383123506
天鑫洋金业,0.0,0.210145175985,7.55171550563e-05,0.00206825232678,0.0
瑞力投资,0.0,0.275492333619,0.00353183811602,0.00206825232678,0.0
高原资本,0.000740499666661,0.317384209091,0.0172864281769,0.0103412616339,0.000871036315988
汉能投资,0.00323361202637,0.338842575429,0.0238682443721,0.0113753877973,0.00318411529398
触控科技,3.50399825576e-05,0.311872471741,0.0100332429266,0.00310237849018,3.93928493225e-05
博观资本,0.0,0.249353633755,0.00087697214504,0.00103412616339,0.0
雷军-顺为创业,0.00113108162443,0.347027178701,0.0413784008831,0.0124095139607,0.00123136446389
箭征投资,0.0,0.234498235009,0.000468733130342,0.00206825232678,0.0
道生投资,0.0,0.260348991813,0.00204961594946,0.00206825232678,0.0
上海中金资本,0.00787115719792,0.307642937863,0.00766659904977,0.00310237849018,0.00788942328389
奇虎360,0.0134819013508,0.35738619896,0.0495389665205,0.0330920372285,0.0135126011264
德迅投资,0.00206229375216,0.353429894175,0.0312485165097,0.0155118924509,0.00198931107739
顺融资本,1.4613501931e-06,0.245239121449,0.000656629936811,0.00206825232678,1.94478522791e-06
金固股份,0.0,0.21055581629,8.24327195117e-05,0.00103412616339,0.0
唯猎资本,0.000831006424446,0.330908065986,0.0308319472085,0.0144777662875,0.000923494382936
科冕木业(天神互动),0.000204990302257,0.284869633805,0.00638552292894,0.00723888314374,0.000315527095184
龙翌资本,0.000516381518273,0.271330032072,0.00210083858442,0.00620475698035,0.000648800213818
麦顿投资,0.000816504357006,0.334373743946,0.0358376726565,0.0134436401241,0.000944272286164
弘晖资本,0.000302781732082,0.309854605281,0.0136079412896,0.00620475698035,0.00043817105802
沃珑港资本,0.0,0.244960361436,0.000857059141654,0.00103412616339,0.0
中信证券,0.0,0.246219797741,0.00115928570742,0.00517063081696,0.0
伯藜创投,0.000320905241323,0.298378508789,0.00959117356646,0.00620475698035,0.000393817349106
新进创投,0.000408927456661,0.301931878071,0.00907530799666,0.00827300930714,0.000489619617434
优酷土豆-合一集团,1.99443937382e-05,0.255034175116,0.00135510620015,0.00310237849018,3.21188869098e-05
长城集团,0.0,0.239581854334,0.00051804296009,0.00103412616339,0.0
深圳力合创投,0.000697648747542,0.284399706992,0.00472246210854,0.00517063081696,0.000771873997551
蚂蚁金服-阿里巴巴,0.00213937648242,0.320332780339,0.0231832741098,0.00930713547053,0.00222915815239
兴业资管-兴业证券,0.0,0.00206825232678,4.03687784573e-15,0.00206825232678,0.0
Matrix Partners经纬海外,0.0,0.301720515188,0.00540432509658,0.00103412616339,0.0
和光资本,0.00396460278891,0.31598809087,0.0137541938575,0.00723888314374,0.00397457673807
海银资本,9.34718777312e-05,0.324309823887,0.014204600988,0.00517063081696,9.67978394176e-05
松树资本,2.96716671886e-06,0.293402148364,0.00786970468714,0.00310237849018,2.64996008297e-06
京桥资本,0.0,0.282628036686,0.00411933471549,0.00206825232678,0.0
江苏高科技投资,0.0,0.247208348693,0.000774147789085,0.00206825232678,0.0
梅花天使创投,0.0125419080657,0.365260810124,0.0546088076253,0.0413650465357,0.0125209350173
新浪微博(新浪),0.00416179593366,0.359922969475,0.0613961110583,0.0258531540848,0.00416589470729
湖畔山南资本,0.00138973748622,0.339911479453,0.0339678511331,0.0134436401241,0.0014695218421
新华网,0.0,0.227745181478,0.0002527926886,0.00206825232678,0.0
万达院线(万达影视),0.0,0.293702048345,0.00658280374378,0.00206825232678,0.0
达晨创投,0.00593661566883,0.351269564748,0.0471009183286,0.0299896587384,0.00613038159545
Formation 8,0.0,0.278249035472,0.00445148785872,0.00103412616339,0.0
光合创投(光合基金),5.27173471994e-05,0.275052811708,0.00344463206651,0.00310237849018,5.98464316581e-05
光线传媒,0.000584309269995,0.320809643429,0.0158329063309,0.00620475698035,0.000732581747786
分众传媒,0.0,0.276908291646,0.0028276508334,0.00206825232678,0.0
浙江金控资本,0.0,0.00103412616339,1.97113176061e-18,0.00103412616339,0.0
真顺基金,0.00180409857006,0.351986734133,0.0375613876614,0.0134436401241,0.00182327061462
今日资本,0.000149668103401,0.348852898378,0.0503341466146,0.0134436401241,0.000161965036548
人人贷,0.0,0.238653242495,0.000601060283358,0.00103412616339,0.0
Sierra Ventures,0.00197658551875,0.300773032761,0.0160241300507,0.00620475698035,0.00197893294099
杭州言和投资,0.0,0.198164485493,2.29281535111e-05,0.00206825232678,0.0
森马服饰,0.0,0.245518516631,0.000673565224617,0.00103412616339,0.0
沃石投资,0.0,0.210145175985,7.55171550563e-05,0.00206825232678,0.0
宏达电HTC,0.0,0.24928152455,0.00164673329695,0.00206825232678,0.0
丹华资本Danhua Capital,0.0,0.305354414415,0.00909071419255,0.00413650465357,0.0
太冠资本,0.00246928340825,0.329642643171,0.0232616101159,0.0144777662875,0.00274521546102
Artesian Capital Management,2.66051069387e-05,0.281153134994,0.00666222105614,0.00413650465357,3.26078891142e-05
博派资本,0.00198948164382,0.292109627886,0.0078179705394,0.00517063081696,0.00201632516702
小村资本,0.007344446021,0.349702033222,0.0401239387342,0.023784901758,0.00747149455864
长江国泓,0.0,0.271074060344,0.00293054003807,0.00310237849018,0.0
汇冠股份,0.0,0.219901916299,0.000163299067753,0.00103412616339,0.0
天使投资人沈海寅,0.000125742626487,0.275844963806,0.00365016538923,0.00413650465357,0.000163459494882
大道至简资本,0.00104354187069,0.310636220502,0.0112831113288,0.00620475698035,0.00103293556876
华夏资本,0.0,0.268708077273,0.00223096559605,0.00103412616339,0.0
红石诚金,2.49349518661e-05,0.265235542121,0.00182908982658,0.00310237849018,3.32034570809e-05
学而思/好未来,0.00200950344419,0.343159041358,0.0309635245028,0.0144777662875,0.0021902348031
越榕资本,0.0,0.00103412616339,1.97113176061e-18,0.00103412616339,0.0
